ID,Name,Designation,Email,Department,ImageURL,HEC Approved PhD Supervisor
5818,Dr. Tauqir Ahmed,"Associate Professor & HOD
                        
                          HEC Approved PhD Supervisor",tauqir.ahmed@nu.edu.pk,Department of Civil Engineering Faculty,/media/Faculty/71_-_Dr._Tauqir_Ahmed_Asst_Prof_CvL.JPG,True
9451,Dr. Shahid Ali,"Professor
                        
                          HEC Approved PhD Supervisor",shahid.ali@nu.edu.pk,Department of Civil Engineering Faculty,/media/Faculty/69_-_Dr._Shahid_Ali_Prof__HoD_CvL.JPG,True
5705,Dr. Syed Ali Rizwan Bukhari,"Professor
                        
                          HEC Approved PhD Supervisor",syed.ali@nu.edu.pk,Department of Civil Engineering Faculty,/media/Faculty/70_-_Dr._Syed_Ali_Rizwan_Professor_CvL.JPG,True
6941,Dr. Muhammad Azam,Assistant Professor,muhammad.azam@nu.edu.pk,Department of Civil Engineering Faculty,/media/Faculty/Dr._Muhammad_Azam.jpg,False
6047,Dr. Muhammad Umar,"Assistant Professor
                        
                          HEC Approved PhD Supervisor",m.umar@nu.edu.pk,Department of Civil Engineering Faculty,/media/Faculty/72_-_Dr._Muhammad_Umar_Asst_Prof_CvL.JPG,True
9513,Mr. Ali Raza Khalid,Assistant Professor,aliraza.khalid@nu.edu.pk,Department of Civil Engineering Faculty,/media/Faculty/76_-_Ali_Raza_Khalid_Asst_Prof_CvL.JPG,False
4592,Ms. Sarah Asif,"Assistant Professor
                          On Leave",sarah.asif@nu.edu.pk,Department of Civil Engineering Faculty,/media/Faculty/74-_Sarah_Asif_Asst._Prof._CvL.JPG,False
5360,Mr. Umar Khan Niazi,Assistant Professor,umar.niazi@nu.edu.pk,Department of Civil Engineering Faculty,/media/Faculty/75_-_Muhammad_Umar_Khan_Niazi_Asst_Prof_CvL.JPG,False
6041,Mr. Anns Tahir,Lecturer,anns.tahir@nu.edu.pk,Department of Civil Engineering Faculty,/media/Faculty/84_-_Anns_Tahir_Lab_Engineer_CvL.JPG,False
4300,Mr. Asim Iqbal,Lecturer,asim.iqbal@nu.edu.pk,Department of Civil Engineering Faculty,/media/Faculty/82_-_Asim_Iqbal_Lecturer_CvL.JPG,False
6839,Mr. Asim Sharif,Lecturer,asim.sharif@nu.edu.pk,Department of Civil Engineering Faculty,/media/Faculty/6839.png,False
5553,Mr. Fahad Haseeb,Lecturer,fahad.haseeb@nu.edu.pk,Department of Civil Engineering Faculty,/media/Faculty/81_-_Fahad_Haseeb_Lecturer_CvL.JPG,False
6573,Ms. Mahnoor Akram,Lecturer,mahnoor.akram@nu.edu.pk,Department of Civil Engineering Faculty,/media/Faculty/Mahnoor.jpg,False
6817,Mr. Muhammad Bilal Zahid,Lecturer,bilal.zahid@nu.edu.pk,Department of Civil Engineering Faculty,/media/Faculty/6817.png,False
7026,Ms. Sania Khalid,Lecturer,sania.khalid@nu.edu.pk,Department of Civil Engineering Faculty,/media/Faculty/Sania_Khalid.jpg,False
6818,Mr. Abdur Rehman Zahid,Lab Engineer,abdur.rehman@nu.edu.pk,Department of Civil Engineering Faculty,/media/Faculty/6818.png,False
6816,Mr. Abu Huraira,Lab Engineer,abu.huraira@nu.edu.pk,Department of Civil Engineering Faculty,/media/Faculty/6816.png,False
6569,Mr. Hamza Ali,Lab Engineer,hamza.ali@nu.edu.pk,Department of Civil Engineering Faculty,/media/Faculty/86_-_Hamza_Ali_Lab_Engineer_CvL.JPG,False
6934,Mr. Kashif Hameed,Lab Engineer,kashif.hameed@nu.edu.pk,Department of Civil Engineering Faculty,/media/Faculty/Kashif_Hameed.jpg,False
6769,Mr. M. Umer Amin Khan,Lab Engineer,umer.amin@nu.edu.pk,Department of Civil Engineering Faculty,/media/Faculty/6769.png,False
6571,Ms. Maham Akram,Lab Engineer,maham.akram@nu.edu.pk,Department of Civil Engineering Faculty,/media/Faculty/90_-_Maham_Akram_Lab_Engineer_CvL.png,False
6933,Mr. Zaid Bin Shahid,Lab Engineer,muhammad.zaid@nu.edu.pk,Department of Civil Engineering Faculty,/media/Faculty/Muhammad_Zaid_Bin_Shahid.jpg,False
