ID,Name,Designation,Email,Department,ImageURL,HEC Approved PhD Supervisor
4198,Dr. Saima Zafar,"Professor & HOD
                        
                          HEC Approved PhD Supervisor",saima.zafar@nu.edu.pk,Department of Electrical Engineering Faculty,/media/Faculty/98._Dr_Saima_Zafar_Prof._EE.JPG,True
4108,Dr. S.M. Sajid,"Professor
                        
                          HEC Approved PhD Supervisor",sm.sajid@nu.edu.pk,Department of Electrical Engineering Faculty,/media/Faculty/99._Dr_S_M_Sajid_Prof._EE.JPG,True
5421,Dr. Syed Aun Abbas,Professor,aun.abbas@nu.edu.pk,Department of Electrical Engineering Faculty,/media/Faculty/100._Dr_Syed_Aun_Abbas_Prof._EE.JPG,False
4609,Dr. Omer Saleem,"Associate Professor
                        
                          HEC Approved PhD Supervisor",omer.saleem@nu.edu.pk,Department of Electrical Engineering Faculty,/media/Faculty/101._Dr_Omer_Saleem_Associate_Professor_EE.JPG,True
6942,Dr. Huzaifa Rauf,Assistant Professor,huzaifa.rauf@nu.edu.pk,Department of Electrical Engineering Faculty,/media/Faculty/Dr._Huzaifa_Rauf-removebg-preview_1.png,False
9452,Dr. Kashif Saeed,Assistant Professor,kashif.saeed@nu.edu.pk,Department of Electrical Engineering Faculty,/media/Faculty/102._Dr_Kashif_Saeed_Asst._Prof._EE.JPG,False
4023,Mr. Abdul Majid,Assistant Professor,abdul.majid@nu.edu.pk,Department of Electrical Engineering Faculty,/media/Faculty/104._Abdul_Majid_Asst._Prof._EE.JPG,False
4233,Ms. Beenish Fatima,Assistant Professor,beenish.fatima@nu.edu.pk,Department of Electrical Engineering Faculty,/media/Faculty/108._Beenish_Fatima_Asst._Prof._EE.JPG,False
3669,Mr. Haris Mujtaba,Assistant Professor,haris.kazmi@nu.edu.pk,Department of Electrical Engineering Faculty,/media/Faculty/109._Syed_Haris_Mujtaba_Asst._Prof._EE.JPG,False
3461,Mr. Mohsin Yousaf,Assistant Professor,mohsin.yousuf@nu.edu.pk,Department of Electrical Engineering Faculty,/media/Faculty/106._Mohsin_Yousaf_Asst._Prof._EE.JPG,False
4484,Ms. Shazia Haque,Assistant Professor,shazia.haque@nu.edu.pk,Department of Electrical Engineering Faculty,/media/Faculty/105._Shazia_Haque_Asst._Prof._EE.JPG,False
3778,Ms. Tamania Javed,Assistant Professor,tamania.javaid@nu.edu.pk,Department of Electrical Engineering Faculty,/media/Faculty/107._Tamania_Javaid_Asst._Prof._EE.JPG,False
7025,Ms. Abeer Bashir,Lecturer,abeer.bashir@nu.edu.pk,Department of Electrical Engineering Faculty,/media/Faculty/Abeer_Bashir-removebg-preview_1.png,False
6289,Mr. Ahmad Hamza Nayyar,Lecturer,ahmad.hamza@nu.edu.pk,Department of Electrical Engineering Faculty,/media/Faculty/116._Ahmad_Hamza_Nayyar_Lecturer_EE.JPG,False
3779,Ms. Akbare Yaqub,Lecturer,akbari.yaqoob@nu.edu.pk,Department of Electrical Engineering Faculty,/media/Faculty/110._Akbare_Yaqub_Lecturer_EE.JPG,False
5218,Ms. Aroosa Umair,Lecturer,aroosa.umair@nu.edu.pk,Department of Electrical Engineering Faculty,/media/Faculty/112._Aroosa_Umair_Lecturer_EE.JPG,False
4809,Ms. Sara Kiran,Lecturer,sara.kiran@nu.edu.pk,Department of Electrical Engineering Faculty,/media/Faculty/111._Sara_Kiran_Lecturer_EE.JPG,False
6843,Mr. Syed Maaz Ahmed Rizvi,Lecturer,maaz.ahmed@nu.edu.pk,Department of Electrical Engineering Faculty,/media/Faculty/118._Syed_Maaz_Ahmed_Rizvi_Lecturer_EE.JPG,False
5231,Mr. Syed Muhammad Ismail,Lecturer,muhammad.ismail@nu.edu.pk,Department of Electrical Engineering Faculty,/media/Faculty/113._Syed_M._Ismail_Lecturer_EE.JPG,False
6557,Mr. Umer Altaf,Lecturer,umer.altaf@nu.edu.pk,Department of Electrical Engineering Faculty,/media/Faculty/115._Umer_Altaf_Lecturer_EE.JPG,False
7005,Ms. Aliha Tanveer,Lab Engineer,aliha.tanveer@nu.edu.pk,Department of Electrical Engineering Faculty,/media/Faculty/Aliha_Tanveer-removebg-preview.png,False
6665,Ms. Eisha Khan,Lab Engineer,eisha.khan@nu.edu.pk,Department of Electrical Engineering Faculty,/media/Faculty/119._Eisha_Khan_Lab._Engineer_EE.JPG,False
6830,Mr. Hafiz Muhammad Muiz Malik,Lab Engineer,muiz.malik@nu.edu.pk,Department of Electrical Engineering Faculty,/media/Faculty/120._Hafiz_M._Muiz_Malik_Lab._Engineer_EE.JPG,False
7002,Ms. Syeda Sughra Kamran,Lab Engineer,sughra.kamran@nu.edu.pk,Department of Electrical Engineering Faculty,/media/Faculty/Syeda_Sughra_Kamran-removebg-preview.png,False
