ID,Name,Designation,Email,Department,ImageURL,HEC Approved PhD Supervisor,Extension,Highest Education
1238,Dr. Kashif Zafar,"Professor & HOD
                        
                          HEC Approved PhD Supervisor",kashif.zafar@nu.edu.pk,FAST School of Computing Faculty,/media/Faculty/01._Dr_Kashif_Zafar_Prof._CS.JPG,True,569.0,"PhD (CS), NUCES, Islamabad (2010)"
4027,Dr. Aamir Wali,"Professor
                        
                          HEC Approved PhD Supervisor",aamir.wali@nu.edu.pk,FAST School of Computing Faculty,/media/Faculty/51._Dr_Aamir_Wali_Prof._AIDS.JPG,True,572.0,"PhD (CS), NUCES, Lahore (2019)"
4391,Dr. Asif Mahmood Gillani,"Professor
                        
                          HEC Approved PhD Supervisor",asif.gilani@nu.edu.pk,FAST School of Computing Faculty,/media/Faculty/02._Dr_Asif_Mehmood_Gilani_Prof._CS.JPG,True,558.0,"Ph.D(Computing), University of Patras , Greece (2002)"
6113,Dr. Asma Naseer,"Professor
                        
                          HEC Approved PhD Supervisor",asma.naseer@nu.edu.pk,FAST School of Computing Faculty,/media/Faculty/07._Dr_Asma_Naseer_Assoc._Prof._CS.png,True,634.0,"PhD (CS), NUCES, Lahore (2018)"
4329,Dr. Zareen Alamgir,"Professor
                        
                          HEC Approved PhD Supervisor",zareen.alamgir@nu.edu.pk,FAST School of Computing Faculty,/media/Faculty/03._Dr_Zareen_Alamgir_Prof._CS.JPG,True,612.0,"Ph.D (CS), NUCES, Lahore (2014)"
6968,Dr. Aasim Qureshi,"Associate Professor
                        
                          HEC Approved PhD Supervisor",aasim.qureshi@nu.edu.pk,FAST School of Computing Faculty,/media/Faculty/Dr._Muhammad_Aasim_Qureshi-removebg-preview.png,True,558.0,"PhD (CS), University Teknologi, Malaysia, (2015)"
9113,Dr. Ali Afzal Malik,"Associate Professor
                        
                          HEC Approved PhD Supervisor",ali.afzal@nu.edu.pk,FAST School of Computing Faculty,/media/Faculty/65._Dr_Ali_Afzal_Malik_Asst._Prof._SE_SM6VFgQ.JPG,True,311.0,"Ph.D (CS), University of Southern, California, United States (2010)"
6174,Dr. Arshad Ali,"Associate Professor
                        
                          HEC Approved PhD Supervisor",arshad.ali1@nu.edu.pk,FAST School of Computing Faculty,/media/Faculty/04._Sr_Arshad_Ali_Assoc._Prof._CS.JPG,True,607.0,"PhD (CS),UPMC (Paris VI ), France, (2012)"
9540,Dr. Maryam Bashir,"Associate Professor
                        
                          HEC Approved PhD Supervisor",maryam.bashir@nu.edu.pk,FAST School of Computing Faculty,/media/Faculty/52._Dr_Maryam_Bashir_Asst._Prof._AIDS_1jSZW7K.JPG,True,635.0,"Ph.D (CS), Northeastern University, Boston, USA (2014)"
5181,Dr. Rana Asif Rehman,"Associate Professor
                        
                          HEC Approved PhD Supervisor",r.asif@nu.edu.pk,FAST School of Computing Faculty,/media/Faculty/05-_Dr_Rana_Asif_Rehman_Assoc._Prof._CS.JPG,True,595.0,"PhD (Electronics & Computer Engineering), Hongik University, South Korea (2016)"
4261,Dr. Saira Karim,"Associate Professor
                        
                          HEC Approved PhD Supervisor",saira.karim@nu.edu.pk,FAST School of Computing Faculty,/media/Faculty/06._Dr_Saira_Karim_Assoc._Prof._CS.JPG,True,617.0,"PhD (CS), NUCES, Lahore (2013)"
6048,Dr. Zeeshan Ali Khan,"Associate Professor
                        
                          HEC Approved PhD Supervisor",zeeshanali.khan@nu.edu.pk,FAST School of Computing Faculty,/media/Faculty/08._Dr_Zeeshan_Ali_Khan_Assoc._Prof._CS.JPG,True,606.0,"PhD (Distributed Embedded Systems), University of Nice-Sophia Antipolis, France (2011)"
5116,Dr. Aatira Anum,Assistant Professor,aatira.anum@nu.edu.pk,FAST School of Computing Faculty,/media/Faculty/12._Dr_Aatira_Anum_Asst._Prof._CS.JPG,False,586.0,"PhD (CS), LUMS, Lahore (2023)"
6811,Dr. Abdul Qadeer,Assistant Professor,aqadeer@nu.edu.pk,FAST School of Computing Faculty,/media/Faculty/13._Dr_Abdul_Qadeer_Asst._Prof._CS.JPG,False,644.0,"PhD (CS), University of Southern, California (2021)"
4236,Dr. Ahmad Raza,Assistant Professor,muhammad.ahmadraza@nu.edu.pk,FAST School of Computing Faculty,/media/Faculty/14._Dr_Ahmad_Raza_Asst._Prof._CS_T2lFicM.JPG,False,621.0,"PhD (Engineering & IT), University of Technology Sydney (UTS), Australia (2023)"
6418,Dr. Ammar Haider,Assistant Professor,ammar.haider@nu.edu.pk,FAST School of Computing Faculty,/media/Faculty/10._Dr_Ammar_Haider_Assist._Prof._CS.png,False,597.0,"PhD (CS), Monash University, Australia (2013)"
4335,Dr. Asma Ahmad Farhan,"Assistant Professor
                        
                          HEC Approved PhD Supervisor",asma.ahmad@nu.edu.pk,FAST School of Computing Faculty,/media/Faculty/54._Dr_Asma_Ahmad_Asst._Prof._AIDS_RWyt2iB.png,True,212.0,"PhD (CS), University of Connecticut, USA (2016)"
6667,Dr. Faisal Aslam,Assistant Professor,faisal.aslam@nu.edu.pk,FAST School of Computing Faculty,/media/Faculty/11._Dr_Faisal_Aslam_Asst._Prof._CS.JPG,False,614.0,"PhD (PL), University of Frieburg, Germany (2011)"
4677,Dr. Farooq Ahmed,Assistant Professor,farooq.ahmad@nu.edu.pk,FAST School of Computing Faculty,/media/Faculty/64._Dr_Farooq_Ahmed_Asst._Prof._SE.JPG,False,577.0,"PhD (CS) NUCES, Lahore (2022)"
6562,Dr. Hajra Waheed,Assistant Professor,hajra.waheed@nu.edu.pk,FAST School of Computing Faculty,/media/Faculty/55._Dr_Hajra_Waheed_Asst._Prof._AIDS_zvotU88.png,False,625.0,"PhD (CS), ITU, Lahore (2022)"
9539,Dr. Haroon Mahmood,"Assistant Professor
                        
                          HEC Approved PhD Supervisor 
                          On Leave",haroon.mahmood@nu.edu.pk,FAST School of Computing Faculty,/media/Faculty/08_-_Dr._Haroon_Mahmood_Asst_Prof_CS__1_-removebg-preview.png,True,237.0,"Ph.D(Computer and Control Engineering), Politecno di Torino, Italy (2014)"
6273,Dr. Iqra Safder,"Assistant Professor
                        
                        
                          On Leave",iqra.safder@nu.edu.pk,FAST School of Computing Faculty,/media/Faculty/13_-_Dr._Iqra_Safdar_Asst_Prof_CS-removebg-preview.png,False,,"PhD (CS), ITU, Lahore, 2021"
5114,Dr. Mirza Mubasher Baig,"Assistant Professor
                        
                          HEC Approved PhD Supervisor",mubasher.baig@nu.edu.pk,FAST School of Computing Faculty,/media/Faculty/53._Dr_Mirza_Mubasher_Baig_Asst._Prof._AIDS.JPG,True,591.0,"Ph.D (CS), LUMS, Lahore (2016)"
6302,Dr. Syed Mohammad Irteza,"Assistant Professor
                        
                          HEC Approved PhD Supervisor",m.Irteza@nu.edu.pk,FAST School of Computing Faculty,/media/Faculty/6302_5wrK2JS-removebg-preview.png,True,247.0,"PhD (CS), LUMS, Lahore (2018)"
6255,Dr. Tahir Ejaz,Assistant Professor,tahir.ejaz@nu.edu.pk,FAST School of Computing Faculty,/media/Faculty/09._Dr_Tahir_Ejaz_Asst._Prof._CS.JPG,False,553.0,"PhD (Natural Science), TU Dortmund University, Germany (2016)"
5466,Dr. Zeeshan Ali Rana,"Assistant Professor
                        
                          HEC Approved PhD Supervisor",zeeshan.rana@nu.edu.pk,FAST School of Computing Faculty,/media/Faculty/66_Dr_Zeeshan_Ali_Rana_Asst._Prof._SE_PatO3hE.JPG,True,562.0,"Ph.D (CS), LUMS, Lahore (2016)"
5424,Dr. Hammad Naveed,"Adj. Professor
                        
                          HEC Approved PhD Supervisor 
                          On Leave",hammad.naveed@nu.edu.pk,FAST School of Computing Faculty,/media/Faculty/01_-_Dr._Hammad_Naveed_Professor_CS__Director__1_-removebg-preview.png,True,227.0,"Ph.D. (Bioengineering), The University of Illinois at Chicago, USA (2012)"
3720,Mr. Aamir Raheem,Assistant Professor,aamir.raheem@nu.edu.pk,FAST School of Computing Faculty,/media/Faculty/16._Aamir_Raheem_Asst._Prof._CS.JPG,False,559.0,"MS (CS), NUCES, Lahore (2006)"
5054,Ms. Abeeda Akram,Assistant Professor,abeeda.akram@nu.edu.pk,FAST School of Computing Faculty,/media/Faculty/20._Abeeda_Akram_Asst._Prof._CS.png,False,593.0,"MS(CS), NUCES, Lahore (2015)"
4234,Ms. Bushra Rashid,Assistant Professor,bushra.rashid@nu.edu.pk,FAST School of Computing Faculty,/media/Faculty/24._Bushra_Rashid_Asst._Prof._CS.png,False,247.0,"M.S (TE), NUCES, Lahore (2012)"
4015,Mr. Ishaq Raza,Assistant Professor,ishaq.raza@nu.edu.pk,FAST School of Computing Faculty,/media/Faculty/15._Ishaq_Raza_Asst._Prof._CS.JPG,False,214.0,"MS(CS), UCP, Lahore (2013)"
4507,Ms. Lehmia Kiran,"Assistant Professor
                          On Leave",lehmia.kiran@nu.edu.pk,FAST School of Computing Faculty,/media/Faculty/21._Lehmia_Kiran_Asst._Prof._CS.png,False,604.0,"MS (CS), NUCES, Lahore  (2010)"
4239,Ms. Maimoona Akram,Assistant Professor,maimoona.akram@nu.edu.pk,FAST School of Computing Faculty,/media/Faculty/23._Maimoona_Akram_Asst._Prof._CS.png,False,247.0,"M.S (EE), NU- Lahore, Pakistan (2013)"
5103,Mr. Mirza Waqar Baig,Assistant Professor,waqar.baig@nu.edu.pk,FAST School of Computing Faculty,/media/Faculty/22._Mirza_Waqar_Baig_Asst._Prof._CS_hvK0Pyz.png,False,414.0,"MS (E& CE), Hanyang University, South Korea, Republic of (2011)"
5221,Ms. Noshaba Nasir,"Assistant Professor
                          On Leave",noshaba.nasir@nu.edu.pk,FAST School of Computing Faculty,/media/Faculty/028_Noshaba_Nasir_AP_CS-removebg-preview_1-removebg-preview.png,False,219.0,"M.S(CS), FAST-NUCES Lahore, Pakistan (2016)"
5115,Ms. Samin Iftikhar,Assistant Professor,samin.iftikhar@nu.edu.pk,FAST School of Computing Faculty,/media/Faculty/17._Samin_Iftikhar_Asst_Prof._CS.png,False,581.0,"MS(CS), NUCES, Lahore (2014)"
4232,Ms. Sobia Tariq Javed,Assistant Professor,sobia.tariq@nu.edu.pk,FAST School of Computing Faculty,/media/Faculty/19._Sobia_Tariq_Javed_Asst._Prof._CS.JPG,False,641.0,"MS (CS), NUCES, Lahore (2007)"
5230,Mr. Waqas Manzoor,Assistant Professor,waqas.manzoor@nu.edu.pk,FAST School of Computing Faculty,/media/Faculty/18._Waqas_Manzoor_Assit_Prof._CS.png,False,618.0,"MS (CS), NUCES, Lahore (2015)"
6172,Ms. Aleena Ahmad,Lecturer,aleena.ahmad@nu.edu.pk,FAST School of Computing Faculty,/media/Faculty/30._Aleena_Ahmad_Lecturer_CS.png,False,552.0,"MS (Software Engineering), NUST, Islamabad (2020)"
6311,Ms. Anosha Khan,Lecturer,anosha.khan@nu.edu.pk,FAST School of Computing Faculty,/media/Faculty/71._Anoosha_Khan_Lecturer_SE.JPG,False,626.0,"M PHIL (CS), PUCIT, Lahore (2020)"
6379,Ms. Ansa Liaqat,Lecturer,ansa.liaqat@nu.edu.pk,FAST School of Computing Faculty,/media/Faculty/62._Ansa_Liaqat_Lecturer_AIDS.JPG,False,,"MS (AI), NUCES, Islamabad (2023)"
6924,Ms. Aqsa Khalid,Lecturer,aqsa.khalid@nu.edu.pk,FAST School of Computing Faculty,/media/Faculty/Aqsa_Khalid-removebg-preview.png,False,551.0,"MS (DS), ITU, Lahore (2023)"
6305,Ms. Arooj Khalil,Lecturer,arooj.khalil@nu.edu.pk,FAST School of Computing Faculty,/media/Faculty/70._Arooj_Khalil_Lecturer_SE.JPG,False,633.0,"MS (CS), NUCES, Lahore (2020)"
6723,Ms. Asbah Khalid,"Lecturer
                          On Leave",asbah.khalid@lhr.nu.edu.pk,FAST School of Computing Faculty,/media/Faculty/38._Asbah_Khalid_Lecturer_CS.jpg,False,360.0,"MS (Data Science), NUCES, Lahore (2023)"
6553,Mr. Danyal Farhat,Lecturer,danyal.farhat@nu.edu.pk,FAST School of Computing Faculty,/media/Faculty/34._Danyal_Farhat_Lecturer_CS_oDWYVFu.png,False,642.0,"MS (CS), UCP, Lahore (2021)"
6788,Ms. Eesha Tur Razia Babar,Lecturer,esha.razia@nu.edu.pk,FAST School of Computing Faculty,/media/Faculty/61._Eesha_Tur_Raziz_Baber_Lecturer_AIDS.png,False,556.0,"MSc ( Electrical and Computer Engineering),  University of California Irvine, USA (2023)"
6274,Mr. Fraz Yousaf,Lecturer,fraz.yousaf@nu.edu.pk,FAST School of Computing Faculty,/media/Faculty/72._Fraz_Yousaf_Lecturer_SE.JPG,False,598.0,"MS (CS),NUCES, Lahore (2022)"
6308,Mr. Hafiz Usama Hassan Alvi,Lecturer,usama.hassan@nu.edu.pk,FAST School of Computing Faculty,/media/Faculty/26._Usama_Hassan_Alvi_Lecturer_CS.png,False,582.0,"MPhil (CS), PUCIT, Lahore (2019)"
6307,Mr. Hamad Ul Qudous,Lecturer,hamad.ulqudous@nu.edu.pk,FAST School of Computing Faculty,/media/Faculty/59._Hamad_Ul_Qudous_Lecturer_AIDS.JPG,False,620.0,"MS (CS), NUCES, Lahore (2016)"
6551,Ms. Hina Iqbal,Lecturer,hina.iqbal@nu.edu.pk,FAST School of Computing Faculty,/media/Faculty/73._Hina_Iqbal_Lecturer_SE.png,False,560.0,"MS (SE), UET, Taxila (2015)"
6419,Ms. Hira Butt,Lecturer,hira.butt@nu.edu.pk,FAST School of Computing Faculty,/media/Faculty/36._Hira_Butt_Lecturer_CS.JPG,False,580.0,"MS (CS), UCP, Lahore (2022)"
6820,Ms. Kiran Khurshid,Lecturer,kiran.khurshid@nu.edu.pk,FAST School of Computing Faculty,/media/Faculty/40._Kiran_Khurshid_Lecturer_CS.JPG,False,594.0,"MS (Software Project Management), NUCES, Lahore (2008)"
6588,Mr. M. Saif Ul Islam,Lecturer,muhammad.saif@nu.edu.pk,FAST School of Computing Faculty,/media/Faculty/56._M_Saif_Ul_Islam_Lecturer_AIDS.JPG,False,603.0,"MS (DS), NUCES, Karachi (2019)"
6277,Ms. Maham Naeem,Lecturer,maham.naeem@nu.edu.pk,FAST School of Computing Faculty,/media/Faculty/35._Maham_Naeem_Lecturer_CS.png,False,615.0,"MS (CS), NUCES, Lahore (2020)"
6253,Ms. Mamoona Akbar Khan,Lecturer,mamoona.akbar@nu.edu.pk,FAST School of Computing Faculty,/media/Faculty/42._Mamoona_Akbar_Jun._Lect._CS.JPG,False,587.0,"MS (CS), NUCES, Lahore (2021)"
6549,Ms. Mamoona Majid,Lecturer,mamoona.majid@nu.edu.pk,FAST School of Computing Faculty,/media/Faculty/74._Mamoona_Majid_Lecturer_SE.png,False,602.0,"MS (CS), UET, Lahore (2019)"
6560,Ms. Mehroze Khan,Lecturer,mehroze.khan@nu.edu.pk,FAST School of Computing Faculty,/media/Faculty/75._Mehroze_Khan_Lecturer_SE.JPG,False,629.0,"MS (CS), NUCES, Lahore (2021)"
6295,Ms. Momna Zaneb,Lecturer,momna.zaneb@nu.edu.pk,FAST School of Computing Faculty,/media/Faculty/69._Momna_Zaneb_Lecturer_SE.png,False,590.0,"MS (SPM), NUCES, Lahore (2021)"
6415,Mr. Mubashar Hussain,Lecturer,mubashar.hussain@nu.edu.pk,FAST School of Computing Faculty,/media/Faculty/31._Mubashar_Hussain_Lecturer_CS.png,False,638.0,"MS (CS), COMSATS, Lahore (2021)"
6114,Mr. Muhammad Naveed,Lecturer,muhammad.naveed@nu.edu.pk,FAST School of Computing Faculty,/media/Faculty/29._Muhammad_Naveed_Lecturer_CS_la7oUg9.JPG,False,554.0,
6554,Ms. Namra Absar,Lecturer,namra.absar@nu.edu.pk,FAST School of Computing Faculty,/media/Faculty/33._Namra_Absar_Lecturer_CS.png,False,557.0,"MPhil (CS), PUCIT, Lahore (2019)"
5967,Mr. Razi-uddin,Lecturer,razi.uddin@nu.edu.pk,FAST School of Computing Faculty,/media/Faculty/68._Razi_Uddin_Lectrurer_SE.JPG,False,592.0,"MS (CS), NUCES, Lahore (2020)"
6552,Ms. Rubab Anam Janjua,Lecturer,rubab.anam@nu.edu.pk,FAST School of Computing Faculty,/media/Faculty/32._Rubab_Anam_Janjua_Lecturer_CS.JPG,False,637.0,"MS (CS), LCWU, Lahore (2017)"
6268,Mr. Saifullah Tanvir,Lecturer,saifullah.tanvir@nu.edu.pk,FAST School of Computing Faculty,/media/Faculty/28._Saifullah_Tanvir_Lecturer_CS.jpeg,False,575.0,"MS (CS), NUCES, Lahore (2021)"
6773,Mr. Sajid Ali Kazmi,Lecturer,sajid.kazmi@nu.edu.pk,FAST School of Computing Faculty,/media/Faculty/39._Sajid_Ali_Kazmi_Lecturer_CS.JPG,False,600.0,"MPhil (CS), PUCIT, Lahore (2023)"
5986,Mr. Salman Shoaib,"Lecturer
                          On Leave",salman.shoaib@nu.edu.pk,FAST School of Computing Faculty,/media/Faculty/41._Salman_Shoaib_jun._Lect_CS.JPG,False,570.0,"MS (EE), NUCES, Lahore (2019)"
6171,Ms. Sana Fatima,Lecturer,sana.fatima@nu.edu.pk,FAST School of Computing Faculty,/media/Faculty/57._Sana_Fatima_Lecturer_AIDS.png,False,589.0,"MS (CS), NUCES, Lahore (2021)"
6719,Ms. Seemab Ayub,Lecturer,seemab.ayub@nu.edu.pk,FAST School of Computing Faculty,/media/Faculty/48._Seemab_Ayub_Instructor_CS.JPG,False,627.0,"BS (CS), PU, Lahore (2018)"
6925,Mr. Syed Ayaz Gillani,Lecturer,ayaz.gillani@nu.edu.pk,FAST School of Computing Faculty,/media/Faculty/Syed_Ayaz_Gillani-removebg-preview.png,False,,"MS (CS), UCP, Lahore (2022)"
6309,Mr. Syed Uzair Hussain Naqvi,Lecturer,uzair.naqvi@nu.edu.pk,FAST School of Computing Faculty,/media/Faculty/27._Syed_Uzair_Hussain_Lecturer_CS.JPG,False,304.0,"MS (CS), LUMS, Lahore (2020)"
6559,Ms. Umm E Ammarah,Lecturer,umme.ammarah@nu.edu.pk,FAST School of Computing Faculty,/media/Faculty/60._Umm_e_Ammarah_Lecturer_AIDS.JPG,False,631.0,"MPhil (CS), PU, Lahore (2020)"
6722,Mr. Usman Anwer,Lecturer,usman.anwer@lhr.nu.edu.pk,FAST School of Computing Faculty,/media/Faculty/47._Usman_Anwar_Instructor_CS.JPG,False,630.0,"BS (CSE), Islamia University,  Bahawalpur (2015)"
6927,Mr. Waqas Ali,Lecturer,rana.waqasali@nu.edu.pk,FAST School of Computing Faculty,/media/Faculty/Waqas_Ali-removebg-preview.png,False,600.0,"MS (SE), UMT, Lahore (2018)"
6662,Mr. Zeeshan Nazar,Lecturer,zeeshan.nazar@nu.edu.pk,FAST School of Computing Faculty,/media/Faculty/37._Zeeshan_Nazar_Lecturer_CS.JPG,False,588.0,"MS (CS), NUCES, Peshawar (2021)"
6928,Ms. Amina Qaiser,Instructor,amina.qaiser@nu.edu.pk,FAST School of Computing Faculty,/media/Faculty/Amina_Qaiser-removebg-preview_fJER9uf.png,False,599.0,"BS (CS), NUCES Lahore (2023)"
6791,Mr. Aqib Zeeshan,Instructor,aqib.zeeshan@nu.edu.pk,FAST School of Computing Faculty,/media/Faculty/63._Aqib_Zeeshan_Instructor_AIDS.JPG,False,611.0,"BS (Computer Science), UMT, Lahore (2015)"
6838,Mr. Hashir Mohsineen,Instructor,hashir.mhsineen@lhr.nu.edu.pk,FAST School of Computing Faculty,/media/Faculty/50._Hashir_Mohsineen_Instructor_CS.JPG,False,630.0,"BS (Computer Science), NUCES, Chiniot- Faisalabad (2021)"
6422,Mr. Junaid Hussain Muzammal,Instructor,junaid.hussain@nu.edu.pk,FAST School of Computing Faculty,/media/Faculty/46._Junaid_Hussain_Muzamal_Instructor_CS.png,False,906.0,"BS (CS), NUCES, Lahore (2018)"
6929,Ms. Maria Hassan,Instructor,maria.hassan@nu.edu.pk,FAST School of Computing Faculty,/media/Faculty/Maria_Hassan-removebg-preview.png,False,632.0,"BS (CS), NUCES Islamabad (2023)"
6767,Mr. Muhammad Hasan,Instructor,m.hasan@nu.edu.pk,FAST School of Computing Faculty,/media/Faculty/76._Muhammad_Hasan_Instructor_SE.JPG,False,611.0,"MSc (CS), COMSATS, Sahiwal (2019)"
6718,Ms. Sukhan Amir,Instructor,sukhan.amir@nu.edu.pk,FAST School of Computing Faculty,/media/Faculty/49._Sukhan_Amir_Instructor_CS_ax2daD0.JPG,False,627.0,"BS (CS), NUCES, Lahore (2023)"
6568,Ms. Syeda Zehra Batool,"Instructor
                          On Leave",zehra.batool@nu.edu.pk,FAST School of Computing Faculty,/media/Faculty/6568.jpg,False,525.0,"MS (CS), NUCES, Lahore (2021)"
6663,Ms. Zoha Waheed,Instructor,zoha.waheed@nu.edu.pk,FAST School of Computing Faculty,/media/Faculty/45._Zoha_Waheed_Instructor_CS.JPG,False,632.0,"BS (EE), NUCES, Lahore (2018)"
6943,Mr. Zulqarnain,Instructor,zulqarnain.Ishaq@nu.edu.pk,FAST School of Computing Faculty,/media/Faculty/Zulqarnain-removebg-preview.png,False,,"BS (CS), NUCES, Lahore 2023"
6772,Mr. Amir Iqbal,Adj. Faculty,amir.iqbal@nu.edu.pk,FAST School of Computing Faculty,/media/Faculty/67._Amir_Iqbal_Adj._Faculty_SE.JPG,False,,"MS (CS), NUCES, Lahore (2007)"
6770,Ms. Marwa Khan,Junior Lecturer,marwa.khan@nu.edu.pk,FAST School of Computing Faculty,/media/Faculty/44._Marwa_Khan_Jun._Lect._CS.JPG,False,610.0,"MS (Computer Science), NUCES, Lahore (2022)"
6176,Mr. Nauman Moazzam Hayat,Adj. Faculty,nauman.moazzam@nu.edu.pk,FAST School of Computing Faculty,/media/Faculty/25._Nauman_Moazzam_Hayat_Adj_Faculty_CS.png,False,619.0,"MS (EE), University of Southern California, USA (2001)"
6771,Ms. Saba Tariq,Junior Lecturer,saba.tariq@nu.edu.pk,FAST School of Computing Faculty,/media/Faculty/43._Saba_Tariq_Junior_Lecturer_CS.png,False,610.0,"MS (CS), NUCES, Lahore (2023)"
6558,Ms. Samman Ashraf,"Junior Lecturer
                          On Leave",samman.ashraf@nu.edu.pk,FAST School of Computing Faculty,/media/Faculty/39-_Samman_Ashraf_Jun._Lect._CS-removebg-preview.png,False,,"MS (CS), UCP, Lahore (2020)"
4198,Dr. Saima Zafar,"Professor & HOD
                        
                          HEC Approved PhD Supervisor",saima.zafar@nu.edu.pk,Department of Electrical Engineering Faculty,/media/Faculty/98._Dr_Saima_Zafar_Prof._EE.JPG,True,265.0,"PhD (Electrical Engineering), UET, Lahore (2011)"
4108,Dr. S.M. Sajid,"Professor
                        
                          HEC Approved PhD Supervisor",sm.sajid@nu.edu.pk,Department of Electrical Engineering Faculty,/media/Faculty/99._Dr_S_M_Sajid_Prof._EE.JPG,True,315.0,"PhD (Electrical Engineering), Graz University of Technology , Austria (2007)"
5421,Dr. Syed Aun Abbas,Professor,aun.abbas@nu.edu.pk,Department of Electrical Engineering Faculty,/media/Faculty/100._Dr_Syed_Aun_Abbas_Prof._EE.JPG,False,254.0,"PhD (Electrical Engineering),Carleton University, Canada (1997)"
4609,Dr. Omer Saleem,"Associate Professor
                        
                          HEC Approved PhD Supervisor",omer.saleem@nu.edu.pk,Department of Electrical Engineering Faculty,/media/Faculty/101._Dr_Omer_Saleem_Associate_Professor_EE.JPG,True,364.0,"PhD (Electrical Engineering), UET, Lahore (2021)"
6942,Dr. Huzaifa Rauf,Assistant Professor,huzaifa.rauf@nu.edu.pk,Department of Electrical Engineering Faculty,/media/Faculty/Dr._Huzaifa_Rauf-removebg-preview_1.png,False,235.0,"PhD (EE), LUMS, Lahore (2024)"
9452,Dr. Kashif Saeed,Assistant Professor,kashif.saeed@nu.edu.pk,Department of Electrical Engineering Faculty,/media/Faculty/102._Dr_Kashif_Saeed_Asst._Prof._EE.JPG,False,244.0,"PhD (Mechanical Engineering), ARTS ET METIERS PARIS TECH (ENSAM), France (2010)"
4023,Mr. Abdul Majid,Assistant Professor,abdul.majid@nu.edu.pk,Department of Electrical Engineering Faculty,/media/Faculty/104._Abdul_Majid_Asst._Prof._EE.JPG,False,146.0,"MSc (Electrical Engineering), UET, Lahore (2006)"
4233,Ms. Beenish Fatima,Assistant Professor,beenish.fatima@nu.edu.pk,Department of Electrical Engineering Faculty,/media/Faculty/108._Beenish_Fatima_Asst._Prof._EE.JPG,False,314.0,"MS (Telecom Engineering), NUCES, Lahore (2010)"
3669,Mr. Haris Mujtaba,Assistant Professor,haris.kazmi@nu.edu.pk,Department of Electrical Engineering Faculty,/media/Faculty/109._Syed_Haris_Mujtaba_Asst._Prof._EE.JPG,False,421.0,"ME (Engineering), Hamdard University, Karachi (2009)"
3461,Mr. Mohsin Yousaf,Assistant Professor,mohsin.yousuf@nu.edu.pk,Department of Electrical Engineering Faculty,/media/Faculty/106._Mohsin_Yousaf_Asst._Prof._EE.JPG,False,317.0,"MS (Electrical Engineering), NUCES, Lahore (2010)"
4484,Ms. Shazia Haque,Assistant Professor,shazia.haque@nu.edu.pk,Department of Electrical Engineering Faculty,/media/Faculty/105._Shazia_Haque_Asst._Prof._EE.JPG,False,269.0,"MS (Information Technology), University of Melbourne , Australia (2006)"
3778,Ms. Tamania Javed,Assistant Professor,tamania.javaid@nu.edu.pk,Department of Electrical Engineering Faculty,/media/Faculty/107._Tamania_Javaid_Asst._Prof._EE.JPG,False,309.0,"MS (Electrical Engineering), UET, Lahore (2008)"
7025,Ms. Abeer Bashir,Lecturer,abeer.bashir@nu.edu.pk,Department of Electrical Engineering Faculty,/media/Faculty/Abeer_Bashir-removebg-preview_1.png,False,237.0,"MS (Electrical Engineering), NUCES, Lahore (2015)"
6289,Mr. Ahmad Hamza Nayyar,Lecturer,ahmad.hamza@nu.edu.pk,Department of Electrical Engineering Faculty,/media/Faculty/116._Ahmad_Hamza_Nayyar_Lecturer_EE.JPG,False,,"MS (Electrical Engineering), NUCES, Lahore (2021)"
3779,Ms. Akbare Yaqub,Lecturer,akbari.yaqoob@nu.edu.pk,Department of Electrical Engineering Faculty,/media/Faculty/110._Akbare_Yaqub_Lecturer_EE.JPG,False,309.0,"MS (Electrical Engineering), UMT, Lahore (2014)"
5218,Ms. Aroosa Umair,Lecturer,aroosa.umair@nu.edu.pk,Department of Electrical Engineering Faculty,/media/Faculty/112._Aroosa_Umair_Lecturer_EE.JPG,False,286.0,"MS (Electrical Engineering), NUCES, CFD (2017)"
4809,Ms. Sara Kiran,Lecturer,sara.kiran@nu.edu.pk,Department of Electrical Engineering Faculty,/media/Faculty/111._Sara_Kiran_Lecturer_EE.JPG,False,276.0,"MS (Electrical Engineering), NUCES, Lahore (2015)"
6843,Mr. Syed Maaz Ahmed Rizvi,Lecturer,maaz.ahmed@nu.edu.pk,Department of Electrical Engineering Faculty,/media/Faculty/118._Syed_Maaz_Ahmed_Rizvi_Lecturer_EE.JPG,False,,"ME (Electronic System Design), Sukkur IBA University (2023)"
5231,Mr. Syed Muhammad Ismail,Lecturer,muhammad.ismail@nu.edu.pk,Department of Electrical Engineering Faculty,/media/Faculty/113._Syed_M._Ismail_Lecturer_EE.JPG,False,287.0,"MSc (Power Electric Machines & Drives), University of Manchester, UK (2015)"
6557,Mr. Umer Altaf,Lecturer,umer.altaf@nu.edu.pk,Department of Electrical Engineering Faculty,/media/Faculty/115._Umer_Altaf_Lecturer_EE.JPG,False,287.0,"MS (EE), Northwestern Polytechnical University, China (2017)"
7005,Ms. Aliha Tanveer,Lab Engineer,aliha.tanveer@nu.edu.pk,Department of Electrical Engineering Faculty,/media/Faculty/Aliha_Tanveer-removebg-preview.png,False,,"BS (Electrical Engineering), NUCES, Lahore (2024)"
6665,Ms. Eisha Khan,Lab Engineer,eisha.khan@nu.edu.pk,Department of Electrical Engineering Faculty,/media/Faculty/119._Eisha_Khan_Lab._Engineer_EE.JPG,False,,"BS (Electrical Engineering), NUCES, Lahore (2023)"
6830,Mr. Hafiz Muhammad Muiz Malik,Lab Engineer,muiz.malik@nu.edu.pk,Department of Electrical Engineering Faculty,/media/Faculty/120._Hafiz_M._Muiz_Malik_Lab._Engineer_EE.JPG,False,,"BS (Electrical Engineering), NUCES, Lahore (2023)"
7002,Ms. Syeda Sughra Kamran,Lab Engineer,sughra.kamran@nu.edu.pk,Department of Electrical Engineering Faculty,/media/Faculty/Syeda_Sughra_Kamran-removebg-preview.png,False,,"BS (Electrical Engineering), NUCES, Lahore (2024)"
5818,Dr. Tauqir Ahmed,"Associate Professor & HOD
                        
                          HEC Approved PhD Supervisor",tauqir.ahmed@nu.edu.pk,Department of Civil Engineering Faculty,/media/Faculty/71_-_Dr._Tauqir_Ahmed_Asst_Prof_CvL.JPG,True,417.0,"PhD (Civil Engineering), The University of Tokyo, Japan (2012)"
9451,Dr. Shahid Ali,"Professor
                        
                          HEC Approved PhD Supervisor",shahid.ali@nu.edu.pk,Department of Civil Engineering Faculty,/media/Faculty/69_-_Dr._Shahid_Ali_Prof__HoD_CvL.JPG,True,339.0,"PhD (Hydraulics), Delft University of Technology, Norway (2013)"
5705,Dr. Syed Ali Rizwan Bukhari,"Professor
                        
                          HEC Approved PhD Supervisor",syed.ali@nu.edu.pk,Department of Civil Engineering Faculty,/media/Faculty/70_-_Dr._Syed_Ali_Rizwan_Professor_CvL.JPG,True,228.0,"Post-Doctorate (High Early Strength Self-Compacting Grout Systems), Technical University, Freiberg, Germany (2009)"
6941,Dr. Muhammad Azam,Assistant Professor,muhammad.azam@nu.edu.pk,Department of Civil Engineering Faculty,/media/Faculty/Dr._Muhammad_Azam.jpg,False,414.0,"PhD (Civil Engineering), Universiti Teknologi, Malaysia (2024)"
6047,Dr. Muhammad Umar,"Assistant Professor
                        
                          HEC Approved PhD Supervisor",m.umar@nu.edu.pk,Department of Civil Engineering Faculty,/media/Faculty/72_-_Dr._Muhammad_Umar_Asst_Prof_CvL.JPG,True,450.0,"PhD (Civil Engineering), University of Tokyo, Japan (2019)"
9513,Mr. Ali Raza Khalid,Assistant Professor,aliraza.khalid@nu.edu.pk,Department of Civil Engineering Faculty,/media/Faculty/76_-_Ali_Raza_Khalid_Asst_Prof_CvL.JPG,False,433.0,"MS (Structural Engineering), NUST, Islamabad (2014)"
4592,Ms. Sarah Asif,"Assistant Professor
                          On Leave",sarah.asif@nu.edu.pk,Department of Civil Engineering Faculty,/media/Faculty/74-_Sarah_Asif_Asst._Prof._CvL.JPG,False,452.0,"MS (Environmental Management), University of Sheffield, United Kingdom (2012)"
5360,Mr. Umar Khan Niazi,Assistant Professor,umar.niazi@nu.edu.pk,Department of Civil Engineering Faculty,/media/Faculty/75_-_Muhammad_Umar_Khan_Niazi_Asst_Prof_CvL.JPG,False,218.0,"MS (Steel Construction), University of Sheffield, UK (2010)"
6041,Mr. Anns Tahir,Lecturer,anns.tahir@nu.edu.pk,Department of Civil Engineering Faculty,/media/Faculty/84_-_Anns_Tahir_Lab_Engineer_CvL.JPG,False,426.0,"MS (Civil Engineering), NUCES, Lahore (2023)"
4300,Mr. Asim Iqbal,Lecturer,asim.iqbal@nu.edu.pk,Department of Civil Engineering Faculty,/media/Faculty/82_-_Asim_Iqbal_Lecturer_CvL.JPG,False,448.0,"MPhil (Engg. Geology), PU, Lahore (2015)"
6839,Mr. Asim Sharif,Lecturer,asim.sharif@nu.edu.pk,Department of Civil Engineering Faculty,/media/Faculty/6839.png,False,446.0,"MS (Civil Engineering), NUCES, Lahore (2018)"
5553,Mr. Fahad Haseeb,Lecturer,fahad.haseeb@nu.edu.pk,Department of Civil Engineering Faculty,/media/Faculty/81_-_Fahad_Haseeb_Lecturer_CvL.JPG,False,330.0,"MS (Civil Engineering), NUCES, Lahore (2020)"
6573,Ms. Mahnoor Akram,Lecturer,mahnoor.akram@nu.edu.pk,Department of Civil Engineering Faculty,/media/Faculty/Mahnoor.jpg,False,236.0,"MS (Civil Engineering), NUCES, Lahore (2023)"
6817,Mr. Muhammad Bilal Zahid,Lecturer,bilal.zahid@nu.edu.pk,Department of Civil Engineering Faculty,/media/Faculty/6817.png,False,459.0,"MS (Civil Engineering), NUCES, Lahore (2019)"
7026,Ms. Sania Khalid,Lecturer,sania.khalid@nu.edu.pk,Department of Civil Engineering Faculty,/media/Faculty/Sania_Khalid.jpg,False,433.0,"M.Sc. (Hydraulics and Irrigation), UET, Lahore (2023)"
6818,Mr. Abdur Rehman Zahid,Lab Engineer,abdur.rehman@nu.edu.pk,Department of Civil Engineering Faculty,/media/Faculty/6818.png,False,,"BS (Civil Engineering), NUCES, Lahore (2023)"
6816,Mr. Abu Huraira,Lab Engineer,abu.huraira@nu.edu.pk,Department of Civil Engineering Faculty,/media/Faculty/6816.png,False,,"BS (Civil Engineering), NUCES, Lahore (2022)"
6569,Mr. Hamza Ali,Lab Engineer,hamza.ali@nu.edu.pk,Department of Civil Engineering Faculty,/media/Faculty/86_-_Hamza_Ali_Lab_Engineer_CvL.JPG,False,,"BS (Civil Engineering), NUCES, Lahore (2021)"
6934,Mr. Kashif Hameed,Lab Engineer,kashif.hameed@nu.edu.pk,Department of Civil Engineering Faculty,/media/Faculty/Kashif_Hameed.jpg,False,447.0,"BS (Civil Engineering), UMT, Lahore (2023)"
6769,Mr. M. Umer Amin Khan,Lab Engineer,umer.amin@nu.edu.pk,Department of Civil Engineering Faculty,/media/Faculty/6769.png,False,,"BS (Civil Engineering), NUST, Islamabad (2023)"
6571,Ms. Maham Akram,Lab Engineer,maham.akram@nu.edu.pk,Department of Civil Engineering Faculty,/media/Faculty/90_-_Maham_Akram_Lab_Engineer_CvL.png,False,,"BS (Civil Engineering), NUCES, Lahore (2022)"
6933,Mr. Zaid Bin Shahid,Lab Engineer,muhammad.zaid@nu.edu.pk,Department of Civil Engineering Faculty,/media/Faculty/Muhammad_Zaid_Bin_Shahid.jpg,False,422.0,"BS (Civil Engineering), NUCES, Lahore, (2022)"
4332,Dr. Mubashir Qayyum,"Professor & HOD
                        
                          HEC Approved PhD Supervisor",mubashir.qayyum@nu.edu.pk,Department of Science & Humanities Faculty,/media/Faculty/142_-_Dr._Mubashir_Qayyum_Prof_Math.JPG,True,283.0,"PhD (Applied Mathematics), NUCES, Peshawar (2018)"
4020,Dr. Akhlaq Ahmad Bhatti,"Professor
                          Dean (Faculty of Sciences & Humanities) 
                          HEC Approved PhD Supervisor",akhlaq.ahmad@nu.edu.pk,Department of Science & Humanities Faculty,/media/Faculty/139_-_Dr._Akhlaq_Ahmad_Bhatti_Professor_Math.JPG,True,284.0,"PhD (Mathematics/ Hypergraph Theory), GCU Lahore (2007)"
3712,Dr. Mazhar Hussain,"Professor
                        
                          HEC Approved PhD Supervisor",mazhar.hussain@nu.edu.pk,Department of Science & Humanities Faculty,/media/Faculty/140_-_Dr._Mazhar_Hussain_Prof_SH.JPG,True,313.0,"PhD (Mathematics), QAU, Islamabad (2008)"
4250,Dr. Saman Shahid,"Professor
                        
                          HEC Approved PhD Supervisor",saman.shahid@nu.edu.pk,Department of Science & Humanities Faculty,/media/Faculty/WhatsApp_Image_2023-06-19_at_09.52.55.jpg,True,206.0,"PhD (Environmental Science), PU, Lahore (2015)"
4018,Dr. Summaira Sarfraz,"Professor
                        
                          HEC Approved PhD Supervisor",sumaira.sarfraz@nu.edu.pk,Department of Science & Humanities Faculty,/media/Faculty/138_-_Dr._Summaira_Sarfraz_Prof_Eng.jpg,True,227.0,"PhD (English), AJ&K University, Pakistan (2013)"
4584,Dr. Farasat Shamir,"Associate Professor
                        
                          HEC Approved PhD Supervisor 
                          On Leave",farasat.shamir@nu.edu.pk,Department of Science & Humanities Faculty,/media/Faculty/137_-_Dr._Farasat_Shamir_Assoc._Prof_Math__HoD_SH.JPG,True,317.0,"Ph.D(Mathematics), National University of Computer and Emerging Sciences, Pakistan (2015)"
1250,Dr. Saeeda Zia,"Associate Professor
                        
                          HEC Approved PhD Supervisor",saeeda.zia@nu.edu.pk,Department of Science & Humanities Faculty,/media/Faculty/143_-_Dr._Saeeda_Zia_Assoc_Prof_Math.JPG,True,223.0,"PhD (Mathematics), NUCES Lahore (2020)"
4608,Dr. Hina Firdous,Assistant Professor,hina.firdous@nu.edu.pk,Department of Science & Humanities Faculty,/media/Faculty/150-_Hina_Firdous_Asst._Prof._SH.JPG,False,340.0,"MPhil (Applied Mathematics), QAU, Islamabad (2007)"
9172,Dr. Hira Iqbal,"Assistant Professor
                        
                          HEC Approved PhD Supervisor",hira.iqbal@nu.edu.pk,Department of Science & Humanities Faculty,/media/Faculty/9172.jpg,True,363.0,"PhD (Mathematics), NUCES, Lahore (2020)"
6768,Dr. Iram Amjad,Assistant Professor,iram.amjad@nu.edu.pk,Department of Science & Humanities Faculty,/media/Faculty/6768.png,False,518.0,"PhD (Linguistics), UMT, Lahore (2021)"
5437,Dr. Muhammad Tahir Rashid,Assistant Professor,tahir.rashid@nu.edu.pk,Department of Science & Humanities Faculty,/media/Faculty/146_-_Dr._Tahir_Rashid_Asst_Prof_SH.JPG,False,442.0,"PhD (Political Science), PU, Lahore (2022)"
6926,Dr. Sara Khan,Assistant Professor,sara.khan1@nu.edu.pk,Department of Science & Humanities Faculty,/media/Faculty/Dr._Sara_Khan.jpg,False,526.0,"PhD (Linguistics), UMT, Lahore, (2022)"
9173,Dr. Tayyaba Naz,"Assistant Professor
                        
                          HEC Approved PhD Supervisor",tayyaba.naz@nu.edu.pk,Department of Science & Humanities Faculty,/media/Faculty/145_-_Dr._Tayyaba_Naz_Asst_Prof_SH.JPG,True,226.0,"PhD (Mathematics), NUCES, Lahore (2020)"
4243,Dr. Zahida Mansoor,"Assistant Professor
                        
                          HEC Approved PhD Supervisor",zahida.mansoor@nu.edu.pk,Department of Science & Humanities Faculty,/media/Faculty/144_-_Dr._Zahida_Mansoor_Asst_Professor_SH.JPG,True,412.0,"PhD (English), A&J University, Pakistan (2013)"
4244,Ms. Hajira Ikram Butt,Assistant Professor,hajra.ikram@nu.edu.pk,Department of Science & Humanities Faculty,/media/Faculty/149_-_Hajra_Ikram_Butt_Asst_Prof_English.JPG,False,432.0,"MS (Applied Linguistics ), NUCES, Lahore (2017)"
4245,Mr. Zulfiqar Ali,Assistant Professor,ali.zulfiqar@nu.edu.pk,Department of Science & Humanities Faculty,/media/Faculty/148-_Zulfiqar_Ali_Asst._Prof._SH.JPG,False,310.0,"MPhil (Applied Linguistics), UMT, Lahore (2013)"
5438,Mr. Abdul Sattar,Lecturer,abdul.sattar@nu.edu.pk,Department of Science & Humanities Faculty,/media/Faculty/155_-_Abdul_Sattar_Lecturer_SH.JPG,False,249.0,"MPhil (Pakistan Studies), QAU, Islamabad (2013)"
5622,Ms. Aisha Bano,Lecturer,aisha.bano@nu.edu.pk,Department of Science & Humanities Faculty,/media/Faculty/164_-_Aisha_Bano_Lecturer_SH.jpg,False,,"MPhil,hazara university,MANSEHRA(2016)"
6555,Ms. Aqsa Naz,Lecturer,aqsa.naz@nu.edu.pk,Department of Science & Humanities Faculty,/media/Faculty/161_-_Aqsa_Naz_Lecturer_Eng.JPG,False,236.0,"MPhil (Eng. Lit.), UCP, Lahore (2022)"
5203,Ms. Ayesha Saeed,Lecturer,ayesha.saeed@nu.edu.pk,Department of Science & Humanities Faculty,/media/Faculty/154_-_Ayesha_Saeed_Lecturer_SH.JPG,False,526.0,"MPhil (Eng. Ling), Kinnaird College, Lahore (2013)"
4397,Mr. Hafiz Hamza Janjua,Lecturer,hamza.janjua@nu.edu.pk,Department of Science & Humanities Faculty,/media/Faculty/151_-_Hafiz_M._Hamza_Janjua_Lecturer_SH.JPG,False,524.0,"MPhill (Islamic Studies), Lahore Leads University (2017)"
6421,Ms. Kanwal Saleem,Lecturer,kanwal.saleem@nu.edu.pk,Department of Science & Humanities Faculty,/media/Faculty/160_-_Kanwal_Saleem_Lecturer_Stats.JPG,False,525.0,"MPhil (Statistics), PU, Lahore (2018)"
6365,Mr. Muhammad Yaseen,Lecturer,m.yaseen@nu.edu.pk,Department of Science & Humanities Faculty,/media/Faculty/159_-_Muhammad_Yaseen_Lecturer_Math.JPG,False,465.0,"MS (Mathematics), University of Education, Lahore (2021)"
6178,Ms. Namra Fazal,Lecturer,namra.fazal@nu.edu.pk,Department of Science & Humanities Faculty,/media/Faculty/157-_Namra_Fazal_Lecturer_English.JPG,False,456.0,"MS (Applied Linguistics), NUCES, Lahore (2021)"
6420,Ms. Nokhaiz Zahra,Lecturer,nokhaiz.zahra@nu.edu.pk,Department of Science & Humanities Faculty,/media/Faculty/165_-_Nokhaiz_Zahra_Instructor_Eng.JPG,False,456.0,"MS (Applied Linguistics), NUCES, Lahore (2023)"
5795,Mr. Razm-ul-Zafar,Lecturer,razm.zafar@nu.edu.pk,Department of Science & Humanities Faculty,/media/Faculty/156_-_Razm_Ul_Zafar_Lecturer_English.JPG,False,527.0,"MPhil (English), UMT, Lahore (2017)"
6548,Ms. Rubab Arshad,Lecturer,rubab.arshad@nu.edu.pk,Department of Science & Humanities Faculty,/media/Faculty/162_-_Rubab_Arshad_Lecturer_English.JPG,False,236.0,"MS (Applied Linguistics), NUCES, Lahore (2022)"
5337,Ms. Sarah Ahmad,Lecturer,Sarah.ahmad@nu.edu.pk,Department of Science & Humanities Faculty,/media/Faculty/153_-_Sarah_Ahmad_Lecturer_SH.JPG,False,525.0,"MPhil (Statistics), PU, Lahore (2013)"
6363,Mr. Tasaduque Hussain Shah,Lecturer,tasduque.hussain@nu.edu.pk,Department of Science & Humanities Faculty,/media/Faculty/158_-_Tasaduque_Hussain_Shah_Lecturer_Math.JPG,False,524.0,"MS (Mathematics), COMSATS, Islamabad (2022)"
6567,Ms. Mahnoor Chaudhry,Lecturer (English),mahnoor.chaudhary@nu.edu.pk,Department of Science & Humanities Faculty,/media/Faculty/166-_Mahnoor_Chaudhry_Instructor_English.JPG,False,,"MPhil (Applied Linguistics), UMT, Lahore (2022)"
3924,Dr. Hamid Hassan,"Professor & HOD
                        
                          HEC Approved PhD Supervisor",hamid.hassan@nu.edu.pk,FAST School of Management Faculty,/media/Faculty/114_-_Dr._Hamid_Hassan_Prof.__HoD_MG.JPG,True,252.0,"PhD (HRM/Finance), University of Tsukuba, Japan (2007)"
4685,Dr. Akbar Azam,"Associate Professor
                        
                          HEC Approved PhD Supervisor",akbar.azam@nu.edu.pk,FAST School of Management Faculty,/media/Faculty/115_-_Dr._Akbar_Azam_Assoc_Prof_MG.png,True,343.0,"PhD (General Management), University of Bologna, Italy (2015)"
6563,Dr. Amna Farrukh,"Assistant Professor
                        
                        
                          On Leave",amna.farrukh@nu.edu.pk,FAST School of Management Faculty,/media/Faculty/121_-_Dr._Amna_Farrukh_Asst_Prof_MG.JPG,False,405.0,"PhD (Engineering Management), Massey University, Auckland, New Zealand (2023)"
5712,Dr. Brig Mujahid Hussain,"Assistant Professor
                        
                          HEC Approved PhD Supervisor",mujahid.hussain@nu.edu.pk,FAST School of Management Faculty,/media/Faculty/123_-_Dr._Mujahid_Hussain_Asst_Prof._MG.JPG,True,255.0,"PhD (Management Science), NUCES, Lahore (2018)"
4629,Dr. Fatima Omer,Assistant Professor,fatima.omer@nu.edu.pk,FAST School of Management Faculty,/media/Faculty/118_-_Fatima_Omer_Asst_Prof_MG.JPG,False,295.0,"PhD (Management Science), NUCES, Lahore , Pakistan (2021)"
6561,Dr. Komal Kamran,Assistant Professor,komal.kamran@nu.edu.pk,FAST School of Management Faculty,/media/Faculty/122_-_Dr._Komal_Kamran_Asst_Prof_MG.JPG,False,316.0,"PhD (Management Science), NUCES, Lahore (2022)"
5423,Dr. Mian Muhammad Atif,"Assistant Professor
                        
                          HEC Approved PhD Supervisor",mian.atif @nu.edu.pk,FAST School of Management Faculty,/media/Faculty/116_-_Dr._Mian_M._Atif_Asst._Prof._MG.JPG,True,408.0,"PhD (Finance), Massey University, New Zealand (2014)"
5559,Dr. Munazza Saeed,"Assistant Professor
                        
                          HEC Approved PhD Supervisor",munazza.saeed@nu.edu.pk,FAST School of Management Faculty,/media/Faculty/5559.jpg,True,445.0,"PhD (Marketing), University of Malaya, Kuala Lumpur (2017)"
5427,Dr. Saif Maqbool,"Assistant Professor
                        
                          HEC Approved PhD Supervisor",saif.maqbool@nu.edu.pk,FAST School of Management Faculty,/media/Faculty/5427.jpg,True,250.0,PhD (MAS) University of Udine (2017)
6426,Dr. Umer Iqbal,"Assistant Professor
                        
                          HEC Approved PhD Supervisor 
                          On Leave",umer.iqbal@nu.edu.pk,FAST School of Management Faculty,/media/Faculty/120_-_Dr._Umer_Iqbal_Asst_Prof_MG_nr59AV5.JPG,True,242.0,"Ph.D. in Accounting and Finance, Lincoln University, New Zealand (2020)"
9495,Dr. Zia Khan,"Assistant Professor
                        
                          HEC Approved PhD Supervisor",zia.khan@nu.edu.pk,FAST School of Management Faculty,/media/Faculty/117-_Dr._Zia_Ullah_Khan_Asst._Prof._MG.JPG,True,409.0,"PhD (Management Sciences), Asian Institute of Technology (AIT), Thailand (2015)"
4483,Mr. Aamer Allauddin,Assistant Professor,allauddin@gmail.com,FAST School of Management Faculty,/media/Faculty/124_-_Aamer_Allauddin_Asst_Prof_MG.JPG,False,360.0,"CPA (Accounting & Finance), ACCA, UK (1988)"
4647,Mr. Shakeel Ahmad,Assistant Professor,shakeel.ahmad@nu.edu.pk,FAST School of Management Faculty,/media/Faculty/126_-_Shakeel_Ahmad_Asst_Prof_MG.JPG,False,258.0,"MS (Accounting & Finance), NUCES, Lahore (2020)"
5517,Ms. Aroosa Safdar,Lecturer,aroosa.safdar@nu.edu.pk,FAST School of Management Faculty,/media/Faculty/131-_Aroosa_Safdar_Lecturer_MG.JPG,False,325.0,"MBA (Finance), NUCES, Lahore (2016)"
5227,Ms. Beenish Arshad,Lecturer,beenish.arshad@nu.edu.pk,FAST School of Management Faculty,/media/Faculty/128-_Beenish_Arshad_Lecturer_MG.JPG,False,444.0,"MBA, NUCES, Lahore (2016)"
6930,Mr. Bilal Qaisar,Lecturer,bilal.qaisar@nu.edu.pk,FAST School of Management Faculty,/media/Faculty/Bilal_Qaisar.jpg,False,354.0,"MS (Business Analytics),NUCES, Lahore (2024)"
5518,Ms. Fatima Habib,Lecturer,fatima.habib@nu.edu.pk,FAST School of Management Faculty,/media/Faculty/127_-_Fatima_Habib_Lecturer_MG.JPG,False,349.0,"MBIT, PU, Lahore (2014)"
6115,Ms. Ghulam Fatima,Lecturer,ghulam.fatima@nu.edu.pk,FAST School of Management Faculty,/media/Faculty/134-_Ghulam_Fatima_Instructor_MG.JPG,False,301.0,"MBA (AF), NUCES, Lahore (2022)"
6709,Ms. Iman Ilyas,Lecturer,iman.ilyas@nu.edu.pk,FAST School of Management Faculty,/media/Faculty/6709.png,False,256.0,"MS (Business Analytics), NUCES, Lahore (2023)"
6565,Ms. Irma Tariq,Lecturer,irma.tariq@nu.edu.pk,FAST School of Management Faculty,/media/Faculty/136_-_Irma_Tariq_Instructor_MG.jpg,False,306.0,"MBA, NUCES, Lahore (2023)"
6664,Ms. Khadija Aslam,Lecturer,khadija.aslam@nu.edu.pk,FAST School of Management Faculty,/media/Faculty/6664.png,False,256.0,"MS (Business Analytics), NUCES, Lahore (2023)"
6812,Mr. Muhammad Mobeen Ajmal,Lecturer,mobeen.ajmal@nu.edu.pk,FAST School of Management Faculty,/media/Faculty/6812.png,False,354.0,"MBA (Finance), LUMS, Lahore (2012)"
6566,Ms. Noor Zahid,Lecturer,noor.zahid@nu.edu.pk,FAST School of Management Faculty,/media/Faculty/135-_Noor_Zahid_Instructor_MG.JPG,False,306.0,
5713,Mr. Salmaan Khalil Rahman,Adjunct Lecturer,salmaan.rahman@nu.edu.pk,FAST School of Management Faculty,/media/Faculty/133-_Salmaan_Khalil_Rehman_Adj._Faculty_MG.JPG,False,,"MBA, Western Michigan University, USA (2009)"
6813,Ms. Sidra Salman,Lecturer,sidra.salman@nu.edu.pk,FAST School of Management Faculty,/media/Faculty/6813.png,False,324.0,"MSc (Accounting & Finance), BPP University, UK(2017)"
6303,Ms. Sundas Munir,Lecturer,sundas.munir@nu.edu.pk,FAST School of Management Faculty,/media/Faculty/130-_Sundas_Munir_Lecturer_MG.JPG,False,324.0,"CA, ICAP, Lahore (2017)"
6931,Ms. Zunaira Ahmed,Lecturer,zunaira.ahmed@nu.edu.pk,FAST School of Management Faculty,/media/Faculty/Zunaira_Ahmed.jpg,False,353.0,"M.Phil (Applied Economics) FC College, Lahore (2018)"
7016,Ms. Alishba Nisar,Instructor,alishba.nisar@nu.edu.pk,FAST School of Management Faculty,/media/Faculty/Alishba_Nisar.jpg,False,,"MBA (General), NUCES, Lahore (2024)"
7017,Ms. Attiqa Sohail,Instructor,attiqa.sohail@nu.edu.pk,FAST School of Management Faculty,/media/Faculty/Attiqa_Sohail.jpg,False,,"MBA (General), NUCES, Lahore (2024)"
6789,Ms. Fatima Zeb,Instructor,fatima.zeb@nu.edu.pk,FAST School of Management Faculty,/media/Faculty/fatima_page-0001-removebg-preview.png,False,301.0,"BBA, NUCES, Lahore (2023)"
7015,Ms. Sadia Manzoor,Instructor,sadia.manzoor@nu.edu.pk,FAST School of Management Faculty,/media/Faculty/Sadia_Manzoor.jpg,False,,"MBA (Marketing), NUCES, Lahore (2024)"
6964,Ms. Syeda Fatima Jaffery,Instructor,fatima.jaffery@nu.edu.pk,FAST School of Management Faculty,/media/Faculty/Syeda_Fatima_Jaffery.jpg,False,451.0,
6790,Ms. Syeda Fatima Naqvi,Instructor,fatima.naqvi@nu.edu.pk,FAST School of Management Faculty,/media/Faculty/6790.png,False,431.0,"MBA (Marketing), NUCES, Lahore (2023)"
6815,Ms. Aiza Aftab,Junior Lecturer,aiza.aftab@nu.edu.pk,FAST School of Management Faculty,/media/Faculty/6815.png,False,431.0,"MS (Business Analytics), NUCES, Lahore (2023)"
6932,Ms. Saleena Gul,Faculty (Adjunct),saleena@nu.edu.pk,FAST School of Management Faculty,/media/Faculty/Saleena_Gul.jpg,False,353.0,ACMA (Accounts) - ICMAP (2003)
