ID,Name,Designation,Email,Department,ImageURL,HEC Approved PhD Supervisor
1238,Dr. Kashif Zafar,"Professor & HOD
                        
                          HEC Approved PhD Supervisor",kashif.zafar@nu.edu.pk,FAST School of Computing Faculty,/media/Faculty/01._Dr_Kashif_Zafar_Prof._CS.JPG,True
4027,Dr. Aamir Wali,"Professor
                        
                          HEC Approved PhD Supervisor",aamir.wali@nu.edu.pk,FAST School of Computing Faculty,/media/Faculty/51._Dr_Aamir_Wali_Prof._AIDS.JPG,True
4391,Dr. Asif Mahmood Gillani,"Professor
                        
                          HEC Approved PhD Supervisor",asif.gilani@nu.edu.pk,FAST School of Computing Faculty,/media/Faculty/02._Dr_Asif_Mehmood_Gilani_Prof._CS.JPG,True
6113,Dr. Asma Naseer,"Professor
                        
                          HEC Approved PhD Supervisor",asma.naseer@nu.edu.pk,FAST School of Computing Faculty,/media/Faculty/07._Dr_Asma_Naseer_Assoc._Prof._CS.png,True
4329,Dr. Zareen Alamgir,"Professor
                        
                          HEC Approved PhD Supervisor",zareen.alamgir@nu.edu.pk,FAST School of Computing Faculty,/media/Faculty/03._Dr_Zareen_Alamgir_Prof._CS.JPG,True
6968,Dr. Aasim Qureshi,"Associate Professor
                        
                          HEC Approved PhD Supervisor",aasim.qureshi@nu.edu.pk,FAST School of Computing Faculty,/media/Faculty/Dr._Muhammad_Aasim_Qureshi-removebg-preview.png,True
9113,Dr. Ali Afzal Malik,"Associate Professor
                        
                          HEC Approved PhD Supervisor",ali.afzal@nu.edu.pk,FAST School of Computing Faculty,/media/Faculty/65._Dr_Ali_Afzal_Malik_Asst._Prof._SE_SM6VFgQ.JPG,True
6174,Dr. Arshad Ali,"Associate Professor
                        
                          HEC Approved PhD Supervisor",arshad.ali1@nu.edu.pk,FAST School of Computing Faculty,/media/Faculty/04._Sr_Arshad_Ali_Assoc._Prof._CS.JPG,True
9540,Dr. Maryam Bashir,"Associate Professor
                        
                          HEC Approved PhD Supervisor",maryam.bashir@nu.edu.pk,FAST School of Computing Faculty,/media/Faculty/52._Dr_Maryam_Bashir_Asst._Prof._AIDS_1jSZW7K.JPG,True
5181,Dr. Rana Asif Rehman,"Associate Professor
                        
                          HEC Approved PhD Supervisor",r.asif@nu.edu.pk,FAST School of Computing Faculty,/media/Faculty/05-_Dr_Rana_Asif_Rehman_Assoc._Prof._CS.JPG,True
4261,Dr. Saira Karim,"Associate Professor
                        
                          HEC Approved PhD Supervisor",saira.karim@nu.edu.pk,FAST School of Computing Faculty,/media/Faculty/06._Dr_Saira_Karim_Assoc._Prof._CS.JPG,True
6048,Dr. Zeeshan Ali Khan,"Associate Professor
                        
                          HEC Approved PhD Supervisor",zeeshanali.khan@nu.edu.pk,FAST School of Computing Faculty,/media/Faculty/08._Dr_Zeeshan_Ali_Khan_Assoc._Prof._CS.JPG,True
5116,Dr. Aatira Anum,Assistant Professor,aatira.anum@nu.edu.pk,FAST School of Computing Faculty,/media/Faculty/12._Dr_Aatira_Anum_Asst._Prof._CS.JPG,False
6811,Dr. Abdul Qadeer,Assistant Professor,aqadeer@nu.edu.pk,FAST School of Computing Faculty,/media/Faculty/13._Dr_Abdul_Qadeer_Asst._Prof._CS.JPG,False
4236,Dr. Ahmad Raza,Assistant Professor,muhammad.ahmadraza@nu.edu.pk,FAST School of Computing Faculty,/media/Faculty/14._Dr_Ahmad_Raza_Asst._Prof._CS_T2lFicM.JPG,False
6418,Dr. Ammar Haider,Assistant Professor,ammar.haider@nu.edu.pk,FAST School of Computing Faculty,/media/Faculty/10._Dr_Ammar_Haider_Assist._Prof._CS.png,False
4335,Dr. Asma Ahmad Farhan,"Assistant Professor
                        
                          HEC Approved PhD Supervisor",asma.ahmad@nu.edu.pk,FAST School of Computing Faculty,/media/Faculty/54._Dr_Asma_Ahmad_Asst._Prof._AIDS_RWyt2iB.png,True
6667,Dr. Faisal Aslam,Assistant Professor,faisal.aslam@nu.edu.pk,FAST School of Computing Faculty,/media/Faculty/11._Dr_Faisal_Aslam_Asst._Prof._CS.JPG,False
4677,Dr. Farooq Ahmed,Assistant Professor,farooq.ahmad@nu.edu.pk,FAST School of Computing Faculty,/media/Faculty/64._Dr_Farooq_Ahmed_Asst._Prof._SE.JPG,False
6562,Dr. Hajra Waheed,Assistant Professor,hajra.waheed@nu.edu.pk,FAST School of Computing Faculty,/media/Faculty/55._Dr_Hajra_Waheed_Asst._Prof._AIDS_zvotU88.png,False
9539,Dr. Haroon Mahmood,"Assistant Professor
                        
                          HEC Approved PhD Supervisor 
                          On Leave",haroon.mahmood@nu.edu.pk,FAST School of Computing Faculty,/media/Faculty/08_-_Dr._Haroon_Mahmood_Asst_Prof_CS__1_-removebg-preview.png,True
6273,Dr. Iqra Safder,"Assistant Professor
                        
                        
                          On Leave",iqra.safder@nu.edu.pk,FAST School of Computing Faculty,/media/Faculty/13_-_Dr._Iqra_Safdar_Asst_Prof_CS-removebg-preview.png,False
5114,Dr. Mirza Mubasher Baig,"Assistant Professor
                        
                          HEC Approved PhD Supervisor",mubasher.baig@nu.edu.pk,FAST School of Computing Faculty,/media/Faculty/53._Dr_Mirza_Mubasher_Baig_Asst._Prof._AIDS.JPG,True
6302,Dr. Syed Mohammad Irteza,"Assistant Professor
                        
                          HEC Approved PhD Supervisor",m.Irteza@nu.edu.pk,FAST School of Computing Faculty,/media/Faculty/6302_5wrK2JS-removebg-preview.png,True
6255,Dr. Tahir Ejaz,Assistant Professor,tahir.ejaz@nu.edu.pk,FAST School of Computing Faculty,/media/Faculty/09._Dr_Tahir_Ejaz_Asst._Prof._CS.JPG,False
5466,Dr. Zeeshan Ali Rana,"Assistant Professor
                        
                          HEC Approved PhD Supervisor",zeeshan.rana@nu.edu.pk,FAST School of Computing Faculty,/media/Faculty/66_Dr_Zeeshan_Ali_Rana_Asst._Prof._SE_PatO3hE.JPG,True
5424,Dr. Hammad Naveed,"Adj. Professor
                        
                          HEC Approved PhD Supervisor 
                          On Leave",hammad.naveed@nu.edu.pk,FAST School of Computing Faculty,/media/Faculty/01_-_Dr._Hammad_Naveed_Professor_CS__Director__1_-removebg-preview.png,True
3720,Mr. Aamir Raheem,Assistant Professor,aamir.raheem@nu.edu.pk,FAST School of Computing Faculty,/media/Faculty/16._Aamir_Raheem_Asst._Prof._CS.JPG,False
5054,Ms. Abeeda Akram,Assistant Professor,abeeda.akram@nu.edu.pk,FAST School of Computing Faculty,/media/Faculty/20._Abeeda_Akram_Asst._Prof._CS.png,False
4234,Ms. Bushra Rashid,Assistant Professor,bushra.rashid@nu.edu.pk,FAST School of Computing Faculty,/media/Faculty/24._Bushra_Rashid_Asst._Prof._CS.png,False
4015,Mr. Ishaq Raza,Assistant Professor,ishaq.raza@nu.edu.pk,FAST School of Computing Faculty,/media/Faculty/15._Ishaq_Raza_Asst._Prof._CS.JPG,False
4507,Ms. Lehmia Kiran,"Assistant Professor
                          On Leave",lehmia.kiran@nu.edu.pk,FAST School of Computing Faculty,/media/Faculty/21._Lehmia_Kiran_Asst._Prof._CS.png,False
4239,Ms. Maimoona Akram,Assistant Professor,maimoona.akram@nu.edu.pk,FAST School of Computing Faculty,/media/Faculty/23._Maimoona_Akram_Asst._Prof._CS.png,False
5103,Mr. Mirza Waqar Baig,Assistant Professor,waqar.baig@nu.edu.pk,FAST School of Computing Faculty,/media/Faculty/22._Mirza_Waqar_Baig_Asst._Prof._CS_hvK0Pyz.png,False
5221,Ms. Noshaba Nasir,"Assistant Professor
                          On Leave",noshaba.nasir@nu.edu.pk,FAST School of Computing Faculty,/media/Faculty/028_Noshaba_Nasir_AP_CS-removebg-preview_1-removebg-preview.png,False
5115,Ms. Samin Iftikhar,Assistant Professor,samin.iftikhar@nu.edu.pk,FAST School of Computing Faculty,/media/Faculty/17._Samin_Iftikhar_Asst_Prof._CS.png,False
4232,Ms. Sobia Tariq Javed,Assistant Professor,sobia.tariq@nu.edu.pk,FAST School of Computing Faculty,/media/Faculty/19._Sobia_Tariq_Javed_Asst._Prof._CS.JPG,False
5230,Mr. Waqas Manzoor,Assistant Professor,waqas.manzoor@nu.edu.pk,FAST School of Computing Faculty,/media/Faculty/18._Waqas_Manzoor_Assit_Prof._CS.png,False
6172,Ms. Aleena Ahmad,Lecturer,aleena.ahmad@nu.edu.pk,FAST School of Computing Faculty,/media/Faculty/30._Aleena_Ahmad_Lecturer_CS.png,False
6311,Ms. Anosha Khan,Lecturer,anosha.khan@nu.edu.pk,FAST School of Computing Faculty,/media/Faculty/71._Anoosha_Khan_Lecturer_SE.JPG,False
6379,Ms. Ansa Liaqat,Lecturer,ansa.liaqat@nu.edu.pk,FAST School of Computing Faculty,/media/Faculty/62._Ansa_Liaqat_Lecturer_AIDS.JPG,False
6924,Ms. Aqsa Khalid,Lecturer,aqsa.khalid@nu.edu.pk,FAST School of Computing Faculty,/media/Faculty/Aqsa_Khalid-removebg-preview.png,False
6305,Ms. Arooj Khalil,Lecturer,arooj.khalil@nu.edu.pk,FAST School of Computing Faculty,/media/Faculty/70._Arooj_Khalil_Lecturer_SE.JPG,False
6723,Ms. Asbah Khalid,"Lecturer
                          On Leave",asbah.khalid@lhr.nu.edu.pk,FAST School of Computing Faculty,/media/Faculty/38._Asbah_Khalid_Lecturer_CS.jpg,False
6553,Mr. Danyal Farhat,Lecturer,danyal.farhat@nu.edu.pk,FAST School of Computing Faculty,/media/Faculty/34._Danyal_Farhat_Lecturer_CS_oDWYVFu.png,False
6788,Ms. Eesha Tur Razia Babar,Lecturer,esha.razia@nu.edu.pk,FAST School of Computing Faculty,/media/Faculty/61._Eesha_Tur_Raziz_Baber_Lecturer_AIDS.png,False
6274,Mr. Fraz Yousaf,Lecturer,fraz.yousaf@nu.edu.pk,FAST School of Computing Faculty,/media/Faculty/72._Fraz_Yousaf_Lecturer_SE.JPG,False
6308,Mr. Hafiz Usama Hassan Alvi,Lecturer,usama.hassan@nu.edu.pk,FAST School of Computing Faculty,/media/Faculty/26._Usama_Hassan_Alvi_Lecturer_CS.png,False
6307,Mr. Hamad Ul Qudous,Lecturer,hamad.ulqudous@nu.edu.pk,FAST School of Computing Faculty,/media/Faculty/59._Hamad_Ul_Qudous_Lecturer_AIDS.JPG,False
6551,Ms. Hina Iqbal,Lecturer,hina.iqbal@nu.edu.pk,FAST School of Computing Faculty,/media/Faculty/73._Hina_Iqbal_Lecturer_SE.png,False
6419,Ms. Hira Butt,Lecturer,hira.butt@nu.edu.pk,FAST School of Computing Faculty,/media/Faculty/36._Hira_Butt_Lecturer_CS.JPG,False
6820,Ms. Kiran Khurshid,Lecturer,kiran.khurshid@nu.edu.pk,FAST School of Computing Faculty,/media/Faculty/40._Kiran_Khurshid_Lecturer_CS.JPG,False
6588,Mr. M. Saif Ul Islam,Lecturer,muhammad.saif@nu.edu.pk,FAST School of Computing Faculty,/media/Faculty/56._M_Saif_Ul_Islam_Lecturer_AIDS.JPG,False
6277,Ms. Maham Naeem,Lecturer,maham.naeem@nu.edu.pk,FAST School of Computing Faculty,/media/Faculty/35._Maham_Naeem_Lecturer_CS.png,False
6253,Ms. Mamoona Akbar Khan,Lecturer,mamoona.akbar@nu.edu.pk,FAST School of Computing Faculty,/media/Faculty/42._Mamoona_Akbar_Jun._Lect._CS.JPG,False
6549,Ms. Mamoona Majid,Lecturer,mamoona.majid@nu.edu.pk,FAST School of Computing Faculty,/media/Faculty/74._Mamoona_Majid_Lecturer_SE.png,False
6560,Ms. Mehroze Khan,Lecturer,mehroze.khan@nu.edu.pk,FAST School of Computing Faculty,/media/Faculty/75._Mehroze_Khan_Lecturer_SE.JPG,False
6295,Ms. Momna Zaneb,Lecturer,momna.zaneb@nu.edu.pk,FAST School of Computing Faculty,/media/Faculty/69._Momna_Zaneb_Lecturer_SE.png,False
6415,Mr. Mubashar Hussain,Lecturer,mubashar.hussain@nu.edu.pk,FAST School of Computing Faculty,/media/Faculty/31._Mubashar_Hussain_Lecturer_CS.png,False
6114,Mr. Muhammad Naveed,Lecturer,muhammad.naveed@nu.edu.pk,FAST School of Computing Faculty,/media/Faculty/29._Muhammad_Naveed_Lecturer_CS_la7oUg9.JPG,False
6554,Ms. Namra Absar,Lecturer,namra.absar@nu.edu.pk,FAST School of Computing Faculty,/media/Faculty/33._Namra_Absar_Lecturer_CS.png,False
5967,Mr. Razi-uddin,Lecturer,razi.uddin@nu.edu.pk,FAST School of Computing Faculty,/media/Faculty/68._Razi_Uddin_Lectrurer_SE.JPG,False
6552,Ms. Rubab Anam Janjua,Lecturer,rubab.anam@nu.edu.pk,FAST School of Computing Faculty,/media/Faculty/32._Rubab_Anam_Janjua_Lecturer_CS.JPG,False
6268,Mr. Saifullah Tanvir,Lecturer,saifullah.tanvir@nu.edu.pk,FAST School of Computing Faculty,/media/Faculty/28._Saifullah_Tanvir_Lecturer_CS.jpeg,False
6773,Mr. Sajid Ali Kazmi,Lecturer,sajid.kazmi@nu.edu.pk,FAST School of Computing Faculty,/media/Faculty/39._Sajid_Ali_Kazmi_Lecturer_CS.JPG,False
5986,Mr. Salman Shoaib,"Lecturer
                          On Leave",salman.shoaib@nu.edu.pk,FAST School of Computing Faculty,/media/Faculty/41._Salman_Shoaib_jun._Lect_CS.JPG,False
6171,Ms. Sana Fatima,Lecturer,sana.fatima@nu.edu.pk,FAST School of Computing Faculty,/media/Faculty/57._Sana_Fatima_Lecturer_AIDS.png,False
6719,Ms. Seemab Ayub,Lecturer,seemab.ayub@nu.edu.pk,FAST School of Computing Faculty,/media/Faculty/48._Seemab_Ayub_Instructor_CS.JPG,False
6925,Mr. Syed Ayaz Gillani,Lecturer,ayaz.gillani@nu.edu.pk,FAST School of Computing Faculty,/media/Faculty/Syed_Ayaz_Gillani-removebg-preview.png,False
6309,Mr. Syed Uzair Hussain Naqvi,Lecturer,uzair.naqvi@nu.edu.pk,FAST School of Computing Faculty,/media/Faculty/27._Syed_Uzair_Hussain_Lecturer_CS.JPG,False
6559,Ms. Umm E Ammarah,Lecturer,umme.ammarah@nu.edu.pk,FAST School of Computing Faculty,/media/Faculty/60._Umm_e_Ammarah_Lecturer_AIDS.JPG,False
6722,Mr. Usman Anwer,Lecturer,usman.anwer@lhr.nu.edu.pk,FAST School of Computing Faculty,/media/Faculty/47._Usman_Anwar_Instructor_CS.JPG,False
6927,Mr. Waqas Ali,Lecturer,rana.waqasali@nu.edu.pk,FAST School of Computing Faculty,/media/Faculty/Waqas_Ali-removebg-preview.png,False
6662,Mr. Zeeshan Nazar,Lecturer,zeeshan.nazar@nu.edu.pk,FAST School of Computing Faculty,/media/Faculty/37._Zeeshan_Nazar_Lecturer_CS.JPG,False
6928,Ms. Amina Qaiser,Instructor,amina.qaiser@nu.edu.pk,FAST School of Computing Faculty,/media/Faculty/Amina_Qaiser-removebg-preview_fJER9uf.png,False
6791,Mr. Aqib Zeeshan,Instructor,aqib.zeeshan@nu.edu.pk,FAST School of Computing Faculty,/media/Faculty/63._Aqib_Zeeshan_Instructor_AIDS.JPG,False
6838,Mr. Hashir Mohsineen,Instructor,hashir.mhsineen@lhr.nu.edu.pk,FAST School of Computing Faculty,/media/Faculty/50._Hashir_Mohsineen_Instructor_CS.JPG,False
6422,Mr. Junaid Hussain Muzammal,Instructor,junaid.hussain@nu.edu.pk,FAST School of Computing Faculty,/media/Faculty/46._Junaid_Hussain_Muzamal_Instructor_CS.png,False
6929,Ms. Maria Hassan,Instructor,maria.hassan@nu.edu.pk,FAST School of Computing Faculty,/media/Faculty/Maria_Hassan-removebg-preview.png,False
6767,Mr. Muhammad Hasan,Instructor,m.hasan@nu.edu.pk,FAST School of Computing Faculty,/media/Faculty/76._Muhammad_Hasan_Instructor_SE.JPG,False
6718,Ms. Sukhan Amir,Instructor,sukhan.amir@nu.edu.pk,FAST School of Computing Faculty,/media/Faculty/49._Sukhan_Amir_Instructor_CS_ax2daD0.JPG,False
6568,Ms. Syeda Zehra Batool,"Instructor
                          On Leave",zehra.batool@nu.edu.pk,FAST School of Computing Faculty,/media/Faculty/6568.jpg,False
6663,Ms. Zoha Waheed,Instructor,zoha.waheed@nu.edu.pk,FAST School of Computing Faculty,/media/Faculty/45._Zoha_Waheed_Instructor_CS.JPG,False
6943,Mr. Zulqarnain,Instructor,zulqarnain.Ishaq@nu.edu.pk,FAST School of Computing Faculty,/media/Faculty/Zulqarnain-removebg-preview.png,False
6772,Mr. Amir Iqbal,Adj. Faculty,amir.iqbal@nu.edu.pk,FAST School of Computing Faculty,/media/Faculty/67._Amir_Iqbal_Adj._Faculty_SE.JPG,False
6770,Ms. Marwa Khan,Junior Lecturer,marwa.khan@nu.edu.pk,FAST School of Computing Faculty,/media/Faculty/44._Marwa_Khan_Jun._Lect._CS.JPG,False
6176,Mr. Nauman Moazzam Hayat,Adj. Faculty,nauman.moazzam@nu.edu.pk,FAST School of Computing Faculty,/media/Faculty/25._Nauman_Moazzam_Hayat_Adj_Faculty_CS.png,False
6771,Ms. Saba Tariq,Junior Lecturer,saba.tariq@nu.edu.pk,FAST School of Computing Faculty,/media/Faculty/43._Saba_Tariq_Junior_Lecturer_CS.png,False
6558,Ms. Samman Ashraf,"Junior Lecturer
                          On Leave",samman.ashraf@nu.edu.pk,FAST School of Computing Faculty,/media/Faculty/39-_Samman_Ashraf_Jun._Lect._CS-removebg-preview.png,False
