ID,Name,Designation,Email,Department,ImageURL,HEC Approved PhD Supervisor
3924,Dr. Hamid Hassan,"Professor & HOD
                        
                          HEC Approved PhD Supervisor",hamid.hassan@nu.edu.pk,FAST School of Management Faculty,/media/Faculty/114_-_Dr._Hamid_Hassan_Prof.__HoD_MG.JPG,True
4685,Dr. Akbar Azam,"Associate Professor
                        
                          HEC Approved PhD Supervisor",akbar.azam@nu.edu.pk,FAST School of Management Faculty,/media/Faculty/115_-_Dr._Akbar_Azam_Assoc_Prof_MG.png,True
6563,Dr. Amna Farrukh,"Assistant Professor
                        
                        
                          On Leave",amna.farrukh@nu.edu.pk,FAST School of Management Faculty,/media/Faculty/121_-_Dr._Amna_Farrukh_Asst_Prof_MG.JPG,False
5712,Dr. Brig Mujahid Hussain,"Assistant Professor
                        
                          HEC Approved PhD Supervisor",mujahid.hussain@nu.edu.pk,FAST School of Management Faculty,/media/Faculty/123_-_Dr._Mujahid_Hussain_Asst_Prof._MG.JPG,True
4629,Dr. Fatima Omer,Assistant Professor,fatima.omer@nu.edu.pk,FAST School of Management Faculty,/media/Faculty/118_-_Fatima_Omer_Asst_Prof_MG.JPG,False
6561,Dr. Komal Kamran,Assistant Professor,komal.kamran@nu.edu.pk,FAST School of Management Faculty,/media/Faculty/122_-_Dr._Komal_Kamran_Asst_Prof_MG.JPG,False
5423,Dr. Mian Muhammad Atif,"Assistant Professor
                        
                          HEC Approved PhD Supervisor",mian.atif @nu.edu.pk,FAST School of Management Faculty,/media/Faculty/116_-_Dr._Mian_M._Atif_Asst._Prof._MG.JPG,True
5559,Dr. Munazza Saeed,"Assistant Professor
                        
                          HEC Approved PhD Supervisor",munazza.saeed@nu.edu.pk,FAST School of Management Faculty,/media/Faculty/5559.jpg,True
5427,Dr. Saif Maqbool,"Assistant Professor
                        
                          HEC Approved PhD Supervisor",saif.maqbool@nu.edu.pk,FAST School of Management Faculty,/media/Faculty/5427.jpg,True
6426,Dr. Umer Iqbal,"Assistant Professor
                        
                          HEC Approved PhD Supervisor 
                          On Leave",umer.iqbal@nu.edu.pk,FAST School of Management Faculty,/media/Faculty/120_-_Dr._Umer_Iqbal_Asst_Prof_MG_nr59AV5.JPG,True
9495,Dr. Zia Khan,"Assistant Professor
                        
                          HEC Approved PhD Supervisor",zia.khan@nu.edu.pk,FAST School of Management Faculty,/media/Faculty/117-_Dr._Zia_Ullah_Khan_Asst._Prof._MG.JPG,True
4483,Mr. Aamer Allauddin,Assistant Professor,allauddin@gmail.com,FAST School of Management Faculty,/media/Faculty/124_-_Aamer_Allauddin_Asst_Prof_MG.JPG,False
4647,Mr. Shakeel Ahmad,Assistant Professor,shakeel.ahmad@nu.edu.pk,FAST School of Management Faculty,/media/Faculty/126_-_Shakeel_Ahmad_Asst_Prof_MG.JPG,False
5517,Ms. Aroosa Safdar,Lecturer,aroosa.safdar@nu.edu.pk,FAST School of Management Faculty,/media/Faculty/131-_Aroosa_Safdar_Lecturer_MG.JPG,False
5227,Ms. Beenish Arshad,Lecturer,beenish.arshad@nu.edu.pk,FAST School of Management Faculty,/media/Faculty/128-_Beenish_Arshad_Lecturer_MG.JPG,False
6930,Mr. Bilal Qaisar,Lecturer,bilal.qaisar@nu.edu.pk,FAST School of Management Faculty,/media/Faculty/Bilal_Qaisar.jpg,False
5518,Ms. Fatima Habib,Lecturer,fatima.habib@nu.edu.pk,FAST School of Management Faculty,/media/Faculty/127_-_Fatima_Habib_Lecturer_MG.JPG,False
6115,Ms. Ghulam Fatima,Lecturer,ghulam.fatima@nu.edu.pk,FAST School of Management Faculty,/media/Faculty/134-_Ghulam_Fatima_Instructor_MG.JPG,False
6709,Ms. Iman Ilyas,Lecturer,iman.ilyas@nu.edu.pk,FAST School of Management Faculty,/media/Faculty/6709.png,False
6565,Ms. Irma Tariq,Lecturer,irma.tariq@nu.edu.pk,FAST School of Management Faculty,/media/Faculty/136_-_Irma_Tariq_Instructor_MG.jpg,False
6664,Ms. Khadija Aslam,Lecturer,khadija.aslam@nu.edu.pk,FAST School of Management Faculty,/media/Faculty/6664.png,False
6812,Mr. Muhammad Mobeen Ajmal,Lecturer,mobeen.ajmal@nu.edu.pk,FAST School of Management Faculty,/media/Faculty/6812.png,False
6566,Ms. Noor Zahid,Lecturer,noor.zahid@nu.edu.pk,FAST School of Management Faculty,/media/Faculty/135-_Noor_Zahid_Instructor_MG.JPG,False
5713,Mr. Salmaan Khalil Rahman,Adjunct Lecturer,salmaan.rahman@nu.edu.pk,FAST School of Management Faculty,/media/Faculty/133-_Salmaan_Khalil_Rehman_Adj._Faculty_MG.JPG,False
6813,Ms. Sidra Salman,Lecturer,sidra.salman@nu.edu.pk,FAST School of Management Faculty,/media/Faculty/6813.png,False
6303,Ms. Sundas Munir,Lecturer,sundas.munir@nu.edu.pk,FAST School of Management Faculty,/media/Faculty/130-_Sundas_Munir_Lecturer_MG.JPG,False
6931,Ms. Zunaira Ahmed,Lecturer,zunaira.ahmed@nu.edu.pk,FAST School of Management Faculty,/media/Faculty/Zunaira_Ahmed.jpg,False
7016,Ms. Alishba Nisar,Instructor,alishba.nisar@nu.edu.pk,FAST School of Management Faculty,/media/Faculty/Alishba_Nisar.jpg,False
7017,Ms. Attiqa Sohail,Instructor,attiqa.sohail@nu.edu.pk,FAST School of Management Faculty,/media/Faculty/Attiqa_Sohail.jpg,False
6789,Ms. Fatima Zeb,Instructor,fatima.zeb@nu.edu.pk,FAST School of Management Faculty,/media/Faculty/fatima_page-0001-removebg-preview.png,False
7015,Ms. Sadia Manzoor,Instructor,sadia.manzoor@nu.edu.pk,FAST School of Management Faculty,/media/Faculty/Sadia_Manzoor.jpg,False
6964,Ms. Syeda Fatima Jaffery,Instructor,fatima.jaffery@nu.edu.pk,FAST School of Management Faculty,/media/Faculty/Syeda_Fatima_Jaffery.jpg,False
6790,Ms. Syeda Fatima Naqvi,Instructor,fatima.naqvi@nu.edu.pk,FAST School of Management Faculty,/media/Faculty/6790.png,False
6815,Ms. Aiza Aftab,Junior Lecturer,aiza.aftab@nu.edu.pk,FAST School of Management Faculty,/media/Faculty/6815.png,False
6932,Ms. Saleena Gul,Faculty (Adjunct),saleena@nu.edu.pk,FAST School of Management Faculty,/media/Faculty/Saleena_Gul.jpg,False
