ID,Name,Designation,Email,Department,ImageURL,HEC Approved PhD Supervisor
4332,Dr. Mubashir Qayyum,"Professor & HOD
                        
                          HEC Approved PhD Supervisor",mubashir.qayyum@nu.edu.pk,Department of Science & Humanities Faculty,/media/Faculty/142_-_Dr._Mubashir_Qayyum_Prof_Math.JPG,True
4020,Dr. Akhlaq Ahmad Bhatti,"Professor
                          Dean (Faculty of Sciences & Humanities) 
                          HEC Approved PhD Supervisor",akhlaq.ahmad@nu.edu.pk,Department of Science & Humanities Faculty,/media/Faculty/139_-_Dr._Akhlaq_Ahmad_Bhatti_Professor_Math.JPG,True
3712,Dr. Mazhar Hussain,"Professor
                        
                          HEC Approved PhD Supervisor",mazhar.hussain@nu.edu.pk,Department of Science & Humanities Faculty,/media/Faculty/140_-_Dr._Mazhar_Hussain_Prof_SH.JPG,True
4250,Dr. Saman Shahid,"Professor
                        
                          HEC Approved PhD Supervisor",saman.shahid@nu.edu.pk,Department of Science & Humanities Faculty,/media/Faculty/WhatsApp_Image_2023-06-19_at_09.52.55.jpg,True
4018,Dr. Summaira Sarfraz,"Professor
                        
                          HEC Approved PhD Supervisor",sumaira.sarfraz@nu.edu.pk,Department of Science & Humanities Faculty,/media/Faculty/138_-_Dr._Summaira_Sarfraz_Prof_Eng.jpg,True
4584,Dr. Farasat Shamir,"Associate Professor
                        
                          HEC Approved PhD Supervisor 
                          On Leave",farasat.shamir@nu.edu.pk,Department of Science & Humanities Faculty,/media/Faculty/137_-_Dr._Farasat_Shamir_Assoc._Prof_Math__HoD_SH.JPG,True
1250,Dr. Saeeda Zia,"Associate Professor
                        
                          HEC Approved PhD Supervisor",saeeda.zia@nu.edu.pk,Department of Science & Humanities Faculty,/media/Faculty/143_-_Dr._Saeeda_Zia_Assoc_Prof_Math.JPG,True
4608,Dr. Hina Firdous,Assistant Professor,hina.firdous@nu.edu.pk,Department of Science & Humanities Faculty,/media/Faculty/150-_Hina_Firdous_Asst._Prof._SH.JPG,False
9172,Dr. Hira Iqbal,"Assistant Professor
                        
                          HEC Approved PhD Supervisor",hira.iqbal@nu.edu.pk,Department of Science & Humanities Faculty,/media/Faculty/9172.jpg,True
6768,Dr. Iram Amjad,Assistant Professor,iram.amjad@nu.edu.pk,Department of Science & Humanities Faculty,/media/Faculty/6768.png,False
5437,Dr. Muhammad Tahir Rashid,Assistant Professor,tahir.rashid@nu.edu.pk,Department of Science & Humanities Faculty,/media/Faculty/146_-_Dr._Tahir_Rashid_Asst_Prof_SH.JPG,False
6926,Dr. Sara Khan,Assistant Professor,sara.khan1@nu.edu.pk,Department of Science & Humanities Faculty,/media/Faculty/Dr._Sara_Khan.jpg,False
9173,Dr. Tayyaba Naz,"Assistant Professor
                        
                          HEC Approved PhD Supervisor",tayyaba.naz@nu.edu.pk,Department of Science & Humanities Faculty,/media/Faculty/145_-_Dr._Tayyaba_Naz_Asst_Prof_SH.JPG,True
4243,Dr. Zahida Mansoor,"Assistant Professor
                        
                          HEC Approved PhD Supervisor",zahida.mansoor@nu.edu.pk,Department of Science & Humanities Faculty,/media/Faculty/144_-_Dr._Zahida_Mansoor_Asst_Professor_SH.JPG,True
4244,Ms. Hajira Ikram Butt,Assistant Professor,hajra.ikram@nu.edu.pk,Department of Science & Humanities Faculty,/media/Faculty/149_-_Hajra_Ikram_Butt_Asst_Prof_English.JPG,False
4245,Mr. Zulfiqar Ali,Assistant Professor,ali.zulfiqar@nu.edu.pk,Department of Science & Humanities Faculty,/media/Faculty/148-_Zulfiqar_Ali_Asst._Prof._SH.JPG,False
5438,Mr. Abdul Sattar,Lecturer,abdul.sattar@nu.edu.pk,Department of Science & Humanities Faculty,/media/Faculty/155_-_Abdul_Sattar_Lecturer_SH.JPG,False
5622,Ms. Aisha Bano,Lecturer,aisha.bano@nu.edu.pk,Department of Science & Humanities Faculty,/media/Faculty/164_-_Aisha_Bano_Lecturer_SH.jpg,False
6555,Ms. Aqsa Naz,Lecturer,aqsa.naz@nu.edu.pk,Department of Science & Humanities Faculty,/media/Faculty/161_-_Aqsa_Naz_Lecturer_Eng.JPG,False
5203,Ms. Ayesha Saeed,Lecturer,ayesha.saeed@nu.edu.pk,Department of Science & Humanities Faculty,/media/Faculty/154_-_Ayesha_Saeed_Lecturer_SH.JPG,False
4397,Mr. Hafiz Hamza Janjua,Lecturer,hamza.janjua@nu.edu.pk,Department of Science & Humanities Faculty,/media/Faculty/151_-_Hafiz_M._Hamza_Janjua_Lecturer_SH.JPG,False
6421,Ms. Kanwal Saleem,Lecturer,kanwal.saleem@nu.edu.pk,Department of Science & Humanities Faculty,/media/Faculty/160_-_Kanwal_Saleem_Lecturer_Stats.JPG,False
6365,Mr. Muhammad Yaseen,Lecturer,m.yaseen@nu.edu.pk,Department of Science & Humanities Faculty,/media/Faculty/159_-_Muhammad_Yaseen_Lecturer_Math.JPG,False
6178,Ms. Namra Fazal,Lecturer,namra.fazal@nu.edu.pk,Department of Science & Humanities Faculty,/media/Faculty/157-_Namra_Fazal_Lecturer_English.JPG,False
6420,Ms. Nokhaiz Zahra,Lecturer,nokhaiz.zahra@nu.edu.pk,Department of Science & Humanities Faculty,/media/Faculty/165_-_Nokhaiz_Zahra_Instructor_Eng.JPG,False
5795,Mr. Razm-ul-Zafar,Lecturer,razm.zafar@nu.edu.pk,Department of Science & Humanities Faculty,/media/Faculty/156_-_Razm_Ul_Zafar_Lecturer_English.JPG,False
6548,Ms. Rubab Arshad,Lecturer,rubab.arshad@nu.edu.pk,Department of Science & Humanities Faculty,/media/Faculty/162_-_Rubab_Arshad_Lecturer_English.JPG,False
5337,Ms. Sarah Ahmad,Lecturer,Sarah.ahmad@nu.edu.pk,Department of Science & Humanities Faculty,/media/Faculty/153_-_Sarah_Ahmad_Lecturer_SH.JPG,False
6363,Mr. Tasaduque Hussain Shah,Lecturer,tasduque.hussain@nu.edu.pk,Department of Science & Humanities Faculty,/media/Faculty/158_-_Tasaduque_Hussain_Shah_Lecturer_Math.JPG,False
6567,Ms. Mahnoor Chaudhry,Lecturer (English),mahnoor.chaudhary@nu.edu.pk,Department of Science & Humanities Faculty,/media/Faculty/166-_Mahnoor_Chaudhry_Instructor_English.JPG,False
